ID,Timestamp,Central,UTC,Tweet,Replies,Retweets,Likes,Views,Source,Birdwatch,URL
1860420527870910635,1732393793,2024-11-23T14:29:53-0600,Sat 23 Nov 20:29:53 UTC 2024,@AMAZlNGNATURE Beautiful. Reminds me of Elden Ring.,126,54,"1,041","46,861",Twitter for iPhone,,https://twitter.com/elonmusk/status/1860420527870910635
1860420683777380580,1732393830,2024-11-23T14:30:30-0600,Sat 23 Nov 20:30:30 UTC 2024,Cool,"3,226","4,804","53,506","11,524,711",Twitter for iPhone,,https://twitter.com/elonmusk/status/1860420683777380580
1860421957323239724,1732394134,2024-11-23T14:35:34-0600,Sat 23 Nov 20:35:34 UTC 2024,@SeibtNaomi Crazy,82,72,886,"29,676",Twitter for iPhone,,https://twitter.com/elonmusk/status/1860421957323239724
1860422646187409681,1732394298,2024-11-23T14:38:18-0600,Sat 23 Nov 20:38:18 UTC 2024,ü§î,"5,983","15,213","80,086","18,438,822",Twitter for iPhone,,https://twitter.com/elonmusk/status/1860422646187409681
1860423579587752386,1732394521,2024-11-23T14:42:01-0600,Sat 23 Nov 20:42:01 UTC 2024,@Rob_2628 Is that all?,67,26,451,"21,643",Twitter for iPhone,,https://twitter.com/elonmusk/status/1860423579587752386
1860424790873371044,1732394809,2024-11-23T14:46:49-0600,Sat 23 Nov 20:46:49 UTC 2024,@DimaZeniuk ‚ù§Ô∏è,99,39,732,"16,076",Twitter for iPhone,,https://twitter.com/elonmusk/status/1860424790873371044
1860425033450975678,1732394867,2024-11-23T14:47:47-0600,Sat 23 Nov 20:47:47 UTC 2024,@america Those who break the law will be arrested and that includes mayors,"1,070","1,403","9,632","1,123,507",Twitter for iPhone,,https://twitter.com/elonmusk/status/1860425033450975678
1860425240775405973,1732394917,2024-11-23T14:48:37-0600,Sat 23 Nov 20:48:37 UTC 2024,@jasondebolt Exactly,64,33,700,"21,035",Twitter for iPhone,,https://twitter.com/elonmusk/status/1860425240775405973
1860425717969735985,1732395030,2024-11-23T14:50:30-0600,Sat 23 Nov 20:50:30 UTC 2024,@TeslaFanBelgium @jasondebolt Yes,42,27,419,"13,612",Twitter for iPhone,,https://twitter.com/elonmusk/status/1860425717969735985
1860426106014257541,1732395123,2024-11-23T14:52:03-0600,Sat 23 Nov 20:52:03 UTC 2024,üá∫üá∏üá∫üá∏ @DOGE,"1,635","3,506","20,400","4,498,398",Twitter for iPhone,,https://twitter.com/elonmusk/status/1860426106014257541
1860426466959257914,1732395209,2024-11-23T14:53:29-0600,Sat 23 Nov 20:53:29 UTC 2024,Many Grok upgrades recently and many more to come,"2,053","1,872","18,235","7,921,475",Twitter for iPhone,,https://twitter.com/elonmusk/status/1860426466959257914
1860426604859543968,1732395242,2024-11-23T14:54:02-0600,Sat 23 Nov 20:54:02 UTC 2024,@SeibtNaomi üá©üá™,74,116,"1,337","41,234",Twitter for iPhone,,https://twitter.com/elonmusk/status/1860426604859543968
1860427521751228434,1732395460,2024-11-23T14:57:40-0600,Sat 23 Nov 20:57:40 UTC 2024,@DrPatSoonShiong üá∫üá∏üá∫üá∏,31,28,376,"15,865",Twitter for iPhone,,https://twitter.com/elonmusk/status/1860427521751228434
1860427643113419046,1732395489,2024-11-23T14:58:09-0600,Sat 23 Nov 20:58:09 UTC 2024,@ajtourville @Starlink @waddey Cool,58,33,504,"21,390",Twitter for iPhone,,https://twitter.com/elonmusk/status/1860427643113419046
1860428575016419392,1732395712,2024-11-23T15:01:52-0600,Sat 23 Nov 21:01:52 UTC 2024,"Even if we fail at creating a Mars colony that can grow without continuous support from Earth, the absurdly ambitious nature of the goal nonetheless results in the creation of alien-level technology that is crushingly better than competitors who merely aim for Earth orbit.","8,626","9,510","81,287","21,913,194",Twitter for iPhone,,https://twitter.com/elonmusk/status/1860428575016419392
1860428862837989713,1732395780,2024-11-23T15:03:00-0600,Sat 23 Nov 21:03:00 UTC 2024,@anammostarac üòÇ,48,29,502,"16,289",Twitter for iPhone,,https://twitter.com/elonmusk/status/1860428862837989713
1860428960099615217,1732395803,2024-11-23T15:03:23-0600,Sat 23 Nov 21:03:23 UTC 2024,"Try it, you‚Äôll like it","1,776","1,276","10,733","4,252,600",Twitter for iPhone,,https://twitter.com/elonmusk/status/1860428960099615217
1860429129394315480,1732395844,2024-11-23T15:04:04-0600,Sat 23 Nov 21:04:04 UTC 2024,@BillyM2k Tough call ü§î,242,43,"1,236","45,596",Twitter for iPhone,,https://twitter.com/elonmusk/status/1860429129394315480
1860429284445159546,1732395881,2024-11-23T15:04:41-0600,Sat 23 Nov 21:04:41 UTC 2024,@YunTaTsai1 üöÄ‚ù§Ô∏è,76,42,637,"21,903",Twitter for iPhone,,https://twitter.com/elonmusk/status/1860429284445159546
1860429472886931628,1732395926,2024-11-23T15:05:26-0600,Sat 23 Nov 21:05:26 UTC 2024,https://t.co/Cl4HEwRG8v,"12,645","36,963","366,525","47,707,219",Twitter for iPhone,,https://twitter.com/elonmusk/status/1860429472886931628
1860429508752412893,1732395934,2024-11-23T15:05:34-0600,Sat 23 Nov 21:05:34 UTC 2024,RT @YunTaTsai1: There is no sci-fi movie shot as beautiful as hot staging.,0,757,0,43,Twitter for iPhone,,https://twitter.com/elonmusk/status/1860429508752412893
1860429743251734999,1732395990,2024-11-23T15:06:30-0600,Sat 23 Nov 21:06:30 UTC 2024,@TheGregYang üî•,49,32,497,"18,748",Twitter for iPhone,,https://twitter.com/elonmusk/status/1860429743251734999
1860429872679604622,1732396021,2024-11-23T15:07:01-0600,Sat 23 Nov 21:07:01 UTC 2024,@TheRabbitHole84 üòÇü´†,134,70,"1,137","39,981",Twitter for iPhone,,https://twitter.com/elonmusk/status/1860429872679604622
1860430424935121099,1732396153,2024-11-23T15:09:13-0600,Sat 23 Nov 21:09:13 UTC 2024,@america They are illegal,219,209,"2,594","59,904",Twitter for iPhone,,https://twitter.com/elonmusk/status/1860430424935121099
1860430675351851484,1732396212,2024-11-23T15:10:12-0600,Sat 23 Nov 21:10:12 UTC 2024,Insane government spending is driving American into bankruptcy,"4,655","13,994","79,213","20,482,768",Twitter for iPhone,,https://twitter.com/elonmusk/status/1860430675351851484
1860436541266436431,1732397611,2024-11-23T15:33:31-0600,Sat 23 Nov 21:33:31 UTC 2024,This is insane,"4,417","12,741","60,410","12,725,651",Twitter for iPhone,,https://twitter.com/elonmusk/status/1860436541266436431
1860436902219768303,1732397697,2024-11-23T15:34:57-0600,Sat 23 Nov 21:34:57 UTC 2024,@MarioNawfal @jk_rowling üéØ,94,94,"1,370","54,779",Twitter for iPhone,,https://twitter.com/elonmusk/status/1860436902219768303
1860437346216215030,1732397803,2024-11-23T15:36:43-0600,Sat 23 Nov 21:36:43 UTC 2024,RT @joniernst: Met with @realDonaldTrump about his cabinet nominees today! @howardlutnick @elonmusk https://t.co/yR72sRbyyC,0,"2,348",0,16,Twitter for iPhone,,https://twitter.com/elonmusk/status/1860437346216215030
1860437472867414032,1732397833,2024-11-23T15:37:13-0600,Sat 23 Nov 21:37:13 UTC 2024,@superfly_mr @joniernst @realDonaldTrump @howardlutnick True,166,30,986,"25,264",Twitter for iPhone,,https://twitter.com/elonmusk/status/1860437472867414032
1860437902531981551,1732397935,2024-11-23T15:38:55-0600,Sat 23 Nov 21:38:55 UTC 2024,No-brainer,"1,072","1,741","12,555","9,266,646",Twitter for iPhone,,https://twitter.com/elonmusk/status/1860437902531981551
1860442065819074868,1732398928,2024-11-23T15:55:28-0600,Sat 23 Nov 21:55:28 UTC 2024,@SenJoniErnst @VivekGRamaswamy @DOGE üá∫üá∏üá∫üá∏,55,62,670,"36,119",Twitter for iPhone,,https://twitter.com/elonmusk/status/1860442065819074868
1860443735625974188,1732399326,2024-11-23T16:02:06-0600,Sat 23 Nov 22:02:06 UTC 2024,@AdrianDittmann Sigh,131,48,"1,052","23,622",Twitter for iPhone,,https://twitter.com/elonmusk/status/1860443735625974188
1860443920892600504,1732399370,2024-11-23T16:02:50-0600,Sat 23 Nov 22:02:50 UTC 2024,"RT @VivekGRamaswamy: The federal government spent hundreds of millions of our dollars to ‚Äúfight misinformation,‚Äù only to create more misinf‚Ä¶",0,"9,997",0,18,Twitter for iPhone,,https://twitter.com/elonmusk/status/1860443920892600504
1860445032659964356,1732399635,2024-11-23T16:07:15-0600,Sat 23 Nov 22:07:15 UTC 2024,@TheChiefNerd Sunlight is the best disinfectant,179,282,"2,389","73,716",Twitter for iPhone,,https://twitter.com/elonmusk/status/1860445032659964356
1860445358372868509,1732399713,2024-11-23T16:08:33-0600,Sat 23 Nov 22:08:33 UTC 2024,Interesting,"4,686","18,999","133,965","20,346,163",Twitter for iPhone,,https://twitter.com/elonmusk/status/1860445358372868509
1860452719334424596,1732401468,2024-11-23T16:37:48-0600,Sat 23 Nov 22:37:48 UTC 2024,Your tax dollars are paying to air-condition & heat thousands of empty government buildings ü§Ø Outrageous!!,"9,594","39,377","188,180","19,897,071",Twitter for iPhone,,https://twitter.com/elonmusk/status/1860452719334424596
1860453130552361331,1732401566,2024-11-23T16:39:26-0600,Sat 23 Nov 22:39:26 UTC 2024,@EvaLovesDesign @SpaceX You don‚Äôt need to credit SpaceX or Tesla,65,46,751,"23,051",Twitter for iPhone,,https://twitter.com/elonmusk/status/1860453130552361331
1860453358890254666,1732401620,2024-11-23T16:40:20-0600,Sat 23 Nov 22:40:20 UTC 2024,@Liv_Boeree @isabelleboemeke Cool,23,23,336,"15,581",Twitter for iPhone,,https://twitter.com/elonmusk/status/1860453358890254666
1860454020357193828,1732401778,2024-11-23T16:42:58-0600,Sat 23 Nov 22:42:58 UTC 2024,Federal government overspending is what causes inflation https://t.co/RCpAbnqZqa,"23,155","71,742","499,549","33,679,383",Twitter for iPhone,,https://twitter.com/elonmusk/status/1860454020357193828
1860454050816225740,1732401785,2024-11-23T16:43:05-0600,Sat 23 Nov 22:43:05 UTC 2024,@AntiWokeMemes Yes,79,69,"1,155","42,631",Twitter for iPhone,,https://twitter.com/elonmusk/status/1860454050816225740
1860454223684472908,1732401827,2024-11-23T16:43:47-0600,Sat 23 Nov 22:43:47 UTC 2024,"In retrospect, it was inevitable üòÇ","2,270","6,826","82,222","24,694,577",Twitter for iPhone,,https://twitter.com/elonmusk/status/1860454223684472908
1860454490479947994,1732401890,2024-11-23T16:44:50-0600,Sat 23 Nov 22:44:50 UTC 2024,@BasedMikeLee üá∫üá∏üá∫üá∏,61,84,"1,399","32,901",Twitter for iPhone,,https://twitter.com/elonmusk/status/1860454490479947994
1860454656796729392,1732401930,2024-11-23T16:45:30-0600,Sat 23 Nov 22:45:30 UTC 2024,It will happen much faster,"1,917","5,838","81,045","15,747,486",Twitter for iPhone,,https://twitter.com/elonmusk/status/1860454656796729392
1860454782705516544,1732401960,2024-11-23T16:46:00-0600,Sat 23 Nov 22:46:00 UTC 2024,Yes,"2,797","3,727","33,054","4,157,915",Twitter for iPhone,,https://twitter.com/elonmusk/status/1860454782705516544
1860455595310043596,1732402154,2024-11-23T16:49:14-0600,Sat 23 Nov 22:49:14 UTC 2024,@alx Those in the government who fail to get their job done efficiently will be fired,376,523,"3,676","56,538",Twitter for iPhone,,https://twitter.com/elonmusk/status/1860455595310043596
1860456684084158883,1732402413,2024-11-23T16:53:33-0600,Sat 23 Nov 22:53:33 UTC 2024,Best fake ad ever üòÇ This meme ad was made in 2013 when it was actually vaguely possible that it might be real. https://t.co/BUG9ZhJhs1,"9,548","18,623","347,338","84,058,304",Twitter for iPhone,has birdwatch note,https://twitter.com/elonmusk/status/1860456684084158883
1860456984014643254,1732402485,2024-11-23T16:54:45-0600,Sat 23 Nov 22:54:45 UTC 2024,"@CharlieKNews Without voter ID, fraud is certain",508,899,"14,669","287,034",Twitter for iPhone,,https://twitter.com/elonmusk/status/1860456984014643254
1860457082488533171,1732402508,2024-11-23T16:55:08-0600,Sat 23 Nov 22:55:08 UTC 2024,@diana_dukic üíØ,55,25,420,"16,135",Twitter for iPhone,,https://twitter.com/elonmusk/status/1860457082488533171
1860457467903135876,1732402600,2024-11-23T16:56:40-0600,Sat 23 Nov 22:56:40 UTC 2024,@ValentinaForUSA üî´üî´üî´,233,176,"12,742","2,262,371",Twitter for iPhone,,https://twitter.com/elonmusk/status/1860457467903135876
1860458140430406055,1732402760,2024-11-23T16:59:20-0600,Sat 23 Nov 22:59:20 UTC 2024,What a coincidence,"6,163","36,784","336,901","50,279,030",Twitter for iPhone,,https://twitter.com/elonmusk/status/1860458140430406055
1860458558883566039,1732402860,2024-11-23T17:01:00-0600,Sat 23 Nov 23:01:00 UTC 2024,@teslaownersSV Yes,37,35,505,"19,044",Twitter for iPhone,,https://twitter.com/elonmusk/status/1860458558883566039
1860458603221508167,1732402871,2024-11-23T17:01:11-0600,Sat 23 Nov 23:01:11 UTC 2024,@AutismCapital üòÇ,56,46,788,"34,270",Twitter for iPhone,,https://twitter.com/elonmusk/status/1860458603221508167
1860458846138912873,1732402929,2024-11-23T17:02:09-0600,Sat 23 Nov 23:02:09 UTC 2024,@stillgray They have become a joke,115,110,"1,404","52,735",Twitter for iPhone,,https://twitter.com/elonmusk/status/1860458846138912873
1860459249911881885,1732403025,2024-11-23T17:03:45-0600,Sat 23 Nov 23:03:45 UTC 2024,Democrats are intolerant meanies,"3,300","6,514","37,488","4,804,795",Twitter for iPhone,,https://twitter.com/elonmusk/status/1860459249911881885
1860460670296195562,1732403364,2024-11-23T17:09:24-0600,Sat 23 Nov 23:09:24 UTC 2024,The real problem is that Neil decided to grovel to the woke far left when he got hit with a #MeToo. You can avoid being canceled if you beg for forgiveness and push their nonsense ideology. The truth hurts.,"3,247","9,535","89,916","17,368,626",Twitter for iPhone,,https://twitter.com/elonmusk/status/1860460670296195562
1860461653709455417,1732403598,2024-11-23T17:13:18-0600,Sat 23 Nov 23:13:18 UTC 2024,"@jeffskoll @SpaceX @Tesla Thanks Jeff üòÄ Note, xAI is a generalized AI company and was not created as an offshoot of Tesla in any way whatsoever.",45,56,724,"20,239",Twitter for iPhone,,https://twitter.com/elonmusk/status/1860461653709455417
1860461924330209393,1732403663,2024-11-23T17:14:23-0600,Sat 23 Nov 23:14:23 UTC 2024,@Inevitablewest üá∫üá∏üá¨üáß,133,178,"1,996","35,048",Twitter for iPhone,,https://twitter.com/elonmusk/status/1860461924330209393
1860462173878694059,1732403722,2024-11-23T17:15:22-0600,Sat 23 Nov 23:15:22 UTC 2024,Legacy (formerly ‚Äúmainstream‚Äù) media lies,"1,775","5,701","36,663","8,673,107",Twitter for iPhone,,https://twitter.com/elonmusk/status/1860462173878694059
1860462427940241603,1732403783,2024-11-23T17:16:23-0600,Sat 23 Nov 23:16:23 UTC 2024,@GailAlfarATX üíØüòÇ,91,44,677,"21,124",Twitter for iPhone,,https://twitter.com/elonmusk/status/1860462427940241603
1860462586040393809,1732403820,2024-11-23T17:17:00-0600,Sat 23 Nov 23:17:00 UTC 2024,RT @dogeofficialceo: The DOGE is for the people https://t.co/yKNX5gvqWW,0,"1,202",0,24,Twitter for iPhone,,https://twitter.com/elonmusk/status/1860462586040393809
1860463707735679201,1732404088,2024-11-23T17:21:28-0600,Sat 23 Nov 23:21:28 UTC 2024,RT @EndWokeness: NEW STUDY: Woke people literally speak a different language than everyone else https://t.co/rc4fhuQECK,0,"1,327",0,22,Twitter for iPhone,,https://twitter.com/elonmusk/status/1860463707735679201
1860466168919646451,1732404675,2024-11-23T17:31:15-0600,Sat 23 Nov 23:31:15 UTC 2024,RT @buitengebieden: Arguing on ùïè.. üòÇ https://t.co/tFX463xBrJ,0,"5,102",0,22,Twitter for iPhone,,https://twitter.com/elonmusk/status/1860466168919646451
1860466266789609518,1732404698,2024-11-23T17:31:38-0600,Sat 23 Nov 23:31:38 UTC 2024,üòÇ,"4,985","21,552","220,473","32,735,926",Twitter for iPhone,,https://twitter.com/elonmusk/status/1860466266789609518
1860467284394856461,1732404941,2024-11-23T17:35:41-0600,Sat 23 Nov 23:35:41 UTC 2024,@Yasin__Shafiei @DimaZeniuk Yes,40,22,381,"15,818",Twitter for iPhone,,https://twitter.com/elonmusk/status/1860467284394856461
1860468899562627163,1732405326,2024-11-23T17:42:06-0600,Sat 23 Nov 23:42:06 UTC 2024,"Only patents for things that are super expensive to prove work, but are then easy to manufacture (like stage 3 drug trials) have any merit https://t.co/2UaR61r0NE","2,788","14,329","117,803","28,239,603",Twitter for iPhone,,https://twitter.com/elonmusk/status/1860468899562627163
1860468951064445202,1732405338,2024-11-23T17:42:18-0600,Sat 23 Nov 23:42:18 UTC 2024,Yes!,"1,480","3,599","49,220","18,997,812",Twitter for iPhone,,https://twitter.com/elonmusk/status/1860468951064445202
1860469494268743696,1732405467,2024-11-23T17:44:27-0600,Sat 23 Nov 23:44:27 UTC 2024,@TiffanyFong_ üî´üî´,118,52,"1,044","64,267",Twitter for iPhone,,https://twitter.com/elonmusk/status/1860469494268743696
1860469845453676752,1732405551,2024-11-23T17:45:51-0600,Sat 23 Nov 23:45:51 UTC 2024,Obviously,599,855,"8,095","5,854,305",Twitter for iPhone,,https://twitter.com/elonmusk/status/1860469845453676752
1860470244973662249,1732405646,2024-11-23T17:47:26-0600,Sat 23 Nov 23:47:26 UTC 2024,"@SimonSaysKnow It was more that, but killing the Bee was certainly symptomatic of a much larger issue",47,62,727,"18,276",Twitter for iPhone,,https://twitter.com/elonmusk/status/1860470244973662249
1860470451887051214,1732405696,2024-11-23T17:48:16-0600,Sat 23 Nov 23:48:16 UTC 2024,@VivekGRamaswamy Yes,77,104,"1,946","152,257",Twitter for iPhone,,https://twitter.com/elonmusk/status/1860470451887051214
1860470986438545485,1732405823,2024-11-23T17:50:23-0600,Sat 23 Nov 23:50:23 UTC 2024,üòÇüíØ,"2,423","5,104","68,776","18,415,491",Twitter for iPhone,,https://twitter.com/elonmusk/status/1860470986438545485
1860472135099031624,1732406097,2024-11-23T17:54:57-0600,Sat 23 Nov 23:54:57 UTC 2024,I ‚Ä¶ am ‚Ä¶ Ironyman ‚Ä¶,"13,052","17,100","300,826","63,503,463",Twitter for iPhone,,https://twitter.com/elonmusk/status/1860472135099031624
1860472480424431680,1732406179,2024-11-23T17:56:19-0600,Sat 23 Nov 23:56:19 UTC 2024,@PlanetOfMemes Yes,50,41,713,"18,440",Twitter for iPhone,,https://twitter.com/elonmusk/status/1860472480424431680
1860472834566373488,1732406264,2024-11-23T17:57:44-0600,Sat 23 Nov 23:57:44 UTC 2024,Almost 80% of asylum seekers went on vacation to their home countries ‚Ä¶,"5,449","42,370","189,622","44,427,522",Twitter for iPhone,has birdwatch note,https://twitter.com/elonmusk/status/1860472834566373488
1860473152091865582,1732406340,2024-11-23T17:59:00-0600,Sat 23 Nov 23:59:00 UTC 2024,How to get to the new interface. Try it for a few days and you won‚Äôt go back.,"1,675","1,555","14,253","3,967,892",Twitter for iPhone,,https://twitter.com/elonmusk/status/1860473152091865582
1860473569219613155,1732406439,2024-11-23T18:00:39-0600,Sun 24 Nov 00:00:39 UTC 2024,‚ÄúLeonard‚Äù lmaoooo,"2,480","5,443","45,311","8,244,429",Twitter for iPhone,,https://twitter.com/elonmusk/status/1860473569219613155
1860475501938176117,1732406900,2024-11-23T18:08:20-0600,Sun 24 Nov 00:08:20 UTC 2024,@alifarhat79 üòÇ,54,26,585,"22,404",Twitter for iPhone,,https://twitter.com/elonmusk/status/1860475501938176117
1860475842800812347,1732406981,2024-11-23T18:09:41-0600,Sun 24 Nov 00:09:41 UTC 2024,Actual footage of me after @realDonaldTrump won https://t.co/PhPJjzaw0J,"10,350","32,649","451,118","60,495,051",Twitter for iPhone,has birdwatch note,https://twitter.com/elonmusk/status/1860475842800812347
1860476512014639357,1732407141,2024-11-23T18:12:21-0600,Sun 24 Nov 00:12:21 UTC 2024,@tedcruz üòÇ,68,73,"1,430","65,081",Twitter for iPhone,,https://twitter.com/elonmusk/status/1860476512014639357
1860476695725183439,1732407184,2024-11-23T18:13:04-0600,Sun 24 Nov 00:13:04 UTC 2024,ü§®,"2,027","10,834","92,812","24,213,304",Twitter for iPhone,,https://twitter.com/elonmusk/status/1860476695725183439
1860476995370455296,1732407256,2024-11-23T18:14:16-0600,Sun 24 Nov 00:14:16 UTC 2024,India counted 640 million votes in 1 day. California is still counting votes ü§¶‚Äç‚ôÇÔ∏è,"11,792","53,166","339,923","39,449,124",Twitter for iPhone,has birdwatch note,https://twitter.com/elonmusk/status/1860476995370455296
1860477104170623123,1732407282,2024-11-23T18:14:42-0600,Sun 24 Nov 00:14:42 UTC 2024,@diana_dukic Ok,62,30,621,"19,954",Twitter for iPhone,,https://twitter.com/elonmusk/status/1860477104170623123
1860477824571724207,1732407454,2024-11-23T18:17:34-0600,Sun 24 Nov 00:17:34 UTC 2024,"I will use the power of irony to defeat villains! ‚ÄúOh you call yourself ‚ÄúThe Joker‚Äù, then why can‚Äôt you tell a joke! How ironic ‚Ä¶‚Äù https://t.co/6HZ1sLkBAj","11,862","22,469","227,831","19,760,719",Twitter for iPhone,,https://twitter.com/elonmusk/status/1860477824571724207
1860477920201851058,1732407476,2024-11-23T18:17:56-0600,Sun 24 Nov 00:17:56 UTC 2024,@cb_doge More irony!,136,94,"1,215","38,136",Twitter for iPhone,,https://twitter.com/elonmusk/status/1860477920201851058
1860478835134718067,1732407694,2024-11-23T18:21:34-0600,Sun 24 Nov 00:21:34 UTC 2024,"But one is Marvel and the other is DC. Oh no, not more irony ü§≠",689,685,"9,216","1,008,760",Twitter for iPhone,,https://twitter.com/elonmusk/status/1860478835134718067
1860479603883606132,1732407878,2024-11-23T18:24:38-0600,Sun 24 Nov 00:24:38 UTC 2024,üòòüòòüî´üî´ https://t.co/PVUXpXPOQa,"5,365","4,201","68,105","18,621,194",Twitter for iPhone,,https://twitter.com/elonmusk/status/1860479603883606132
1860480338704687316,1732408053,2024-11-23T18:27:33-0600,Sun 24 Nov 00:27:33 UTC 2024,1 biiiillliiionnnn users https://t.co/9LSf93CNbG,"5,319","18,982","270,983","43,782,961",Twitter for iPhone,,https://twitter.com/elonmusk/status/1860480338704687316
1860480571123642698,1732408108,2024-11-23T18:28:28-0600,Sun 24 Nov 00:28:28 UTC 2024,@MostlyPeacefull @realDonaldTrump üíØüòÇ,71,107,"3,759","327,399",Twitter for iPhone,,https://twitter.com/elonmusk/status/1860480571123642698
1860480721178988828,1732408144,2024-11-23T18:29:04-0600,Sun 24 Nov 00:29:04 UTC 2024,@AutismCapital üòÇ,47,38,940,"33,049",Twitter for iPhone,,https://twitter.com/elonmusk/status/1860480721178988828
1860481211623227730,1732408261,2024-11-23T18:31:01-0600,Sun 24 Nov 00:31:01 UTC 2024,The Right to Bear Arms https://t.co/bJdr90YOhK,"26,093","43,071","683,260","58,394,746",Twitter for iPhone,,https://twitter.com/elonmusk/status/1860481211623227730
1860481488761794965,1732408327,2024-11-23T18:32:07-0600,Sun 24 Nov 00:32:07 UTC 2024,RT @MostlyPeacefull: @elonmusk @realDonaldTrump https://t.co/hFqGXP1ruL,0,"1,417",0,28,Twitter for iPhone,,https://twitter.com/elonmusk/status/1860481488761794965
1860481614129533165,1732408357,2024-11-23T18:32:37-0600,Sun 24 Nov 00:32:37 UTC 2024,Wow,"5,851","26,574","146,781","22,701,495",Twitter for iPhone,,https://twitter.com/elonmusk/status/1860481614129533165
1860481839904723365,1732408411,2024-11-23T18:33:31-0600,Sun 24 Nov 00:33:31 UTC 2024,@BasedMikeLee Pure gold,108,119,"1,751","35,180",Twitter for iPhone,,https://twitter.com/elonmusk/status/1860481839904723365
1860481968258855263,1732408441,2024-11-23T18:34:01-0600,Sun 24 Nov 00:34:01 UTC 2024,@diana_dukic üòÇ,43,30,483,"18,964",Twitter for iPhone,,https://twitter.com/elonmusk/status/1860481968258855263
1860483667308556621,1732408847,2024-11-23T18:40:47-0600,Sun 24 Nov 00:40:47 UTC 2024,@tunguz https://t.co/6DdrUITigC,74,74,577,"77,813",Twitter for iPhone,,https://twitter.com/elonmusk/status/1860483667308556621
1860484993899807046,1732409163,2024-11-23T18:46:03-0600,Sun 24 Nov 00:46:03 UTC 2024,Me for the past 3 hours üí©posting on ùïè https://t.co/iM9IMudS0G,"11,347","21,236","359,404","37,696,262",Twitter for iPhone,,https://twitter.com/elonmusk/status/1860484993899807046
1860485552182534363,1732409296,2024-11-23T18:48:16-0600,Sun 24 Nov 00:48:16 UTC 2024,@cause_a_wreck @MostlyPeacefull @realDonaldTrump Wandering around the Mojave desert in Fallout wasn‚Äôt so bad,24,29,478,"24,692",Twitter for iPhone,,https://twitter.com/elonmusk/status/1860485552182534363
1860485780499464560,1732409350,2024-11-23T18:49:10-0600,Sun 24 Nov 00:49:10 UTC 2024,@LibertyCappy https://t.co/gbHQKLIrt0,187,140,"2,974","213,573",Twitter for iPhone,,https://twitter.com/elonmusk/status/1860485780499464560
1860485873881547014,1732409373,2024-11-23T18:49:33-0600,Sun 24 Nov 00:49:33 UTC 2024,RT @LibertyCappy: @elonmusk My favorite meme with that template üòÇ https://t.co/FvYEcs67en,0,"1,493",0,35,Twitter for iPhone,,https://twitter.com/elonmusk/status/1860485873881547014
1860486079268143275,1732409422,2024-11-23T18:50:22-0600,Sun 24 Nov 00:50:22 UTC 2024,Get paid to post on ùïè!,"15,464","8,871","124,421","37,830,696",Twitter for iPhone,has birdwatch note,https://twitter.com/elonmusk/status/1860486079268143275
1860486138554708358,1732409436,2024-11-23T18:50:36-0600,Sun 24 Nov 00:50:36 UTC 2024,RT @teslaownersSV: ùïè has the most unregretted minutes,0,459,0,37,Twitter for iPhone,,https://twitter.com/elonmusk/status/1860486138554708358
1860486416817426530,1732409502,2024-11-23T18:51:42-0600,Sun 24 Nov 00:51:42 UTC 2024,@ImMeme0 Is this real? @CommunityNotes,575,374,"3,113","103,294",Twitter for iPhone,has birdwatch note,https://twitter.com/elonmusk/status/1860486416817426530
1860486940002242582,1732409627,2024-11-23T18:53:47-0600,Sun 24 Nov 00:53:47 UTC 2024,@TheChiefNerd üëÄ,86,101,"1,295","40,742",Twitter for iPhone,,https://twitter.com/elonmusk/status/1860486940002242582
1860487473014403570,1732409754,2024-11-23T18:55:54-0600,Sun 24 Nov 00:55:54 UTC 2024,RT @EvaLovesDesign: https://t.co/dsJ4quY5W0,0,879,0,44,Twitter for iPhone,,https://twitter.com/elonmusk/status/1860487473014403570
1860488067791900834,1732409896,2024-11-23T18:58:16-0600,Sun 24 Nov 00:58:16 UTC 2024,@Fidias0 ü§î,66,59,"1,609","95,458",Twitter for iPhone,,https://twitter.com/elonmusk/status/1860488067791900834
1860488200549974467,1732409927,2024-11-23T18:58:47-0600,Sun 24 Nov 00:58:47 UTC 2024,@SwipeWright üíØ,24,31,521,"19,437",Twitter for iPhone,,https://twitter.com/elonmusk/status/1860488200549974467
1860488281466569043,1732409947,2024-11-23T18:59:07-0600,Sun 24 Nov 00:59:07 UTC 2024,@cb_doge üíØüòÇ,111,66,946,"36,298",Twitter for iPhone,,https://twitter.com/elonmusk/status/1860488281466569043
1860488429391302805,1732409982,2024-11-23T18:59:42-0600,Sun 24 Nov 00:59:42 UTC 2024,My phone today https://t.co/o4n2ae2Lmb,"14,271","55,042","568,967","71,840,791",Twitter for iPhone,,https://twitter.com/elonmusk/status/1860488429391302805
1860488491181760542,1732409997,2024-11-23T18:59:57-0600,Sun 24 Nov 00:59:57 UTC 2024,@realdeepakterra @Fidias0 Yes,40,46,"1,200","84,692",Twitter for iPhone,,https://twitter.com/elonmusk/status/1860488491181760542
1860488560601698476,1732410013,2024-11-23T19:00:13-0600,Sun 24 Nov 01:00:13 UTC 2024,@stclairashley üî´üî´,53,53,998,"37,417",Twitter for iPhone,,https://twitter.com/elonmusk/status/1860488560601698476
1860488677996089499,1732410041,2024-11-23T19:00:41-0600,Sun 24 Nov 01:00:41 UTC 2024,Fidias for EU President!!,"1,214","1,675","15,859","7,381,771",Twitter for iPhone,has birdwatch note,https://twitter.com/elonmusk/status/1860488677996089499
1860489367099224482,1732410205,2024-11-23T19:03:25-0600,Sun 24 Nov 01:03:25 UTC 2024,https://t.co/obyNTOtbdx,"11,413","61,195","775,746","80,305,037",Twitter for iPhone,,https://twitter.com/elonmusk/status/1860489367099224482
1860490121801306417,1732410385,2024-11-23T19:06:25-0600,Sun 24 Nov 01:06:25 UTC 2024,@tunguz It‚Äôs dying,96,40,726,"23,606",Twitter for iPhone,,https://twitter.com/elonmusk/status/1860490121801306417
1860490221302718793,1732410409,2024-11-23T19:06:49-0600,Sun 24 Nov 01:06:49 UTC 2024,Tragic,"18,056","66,005","358,350","38,055,507",Twitter for iPhone,has birdwatch note,https://twitter.com/elonmusk/status/1860490221302718793
1860491901083754599,1732410810,2024-11-23T19:13:30-0600,Sun 24 Nov 01:13:30 UTC 2024,This meme hits the bullseye so hard,"2,805","8,380","97,870","16,861,135",Twitter for iPhone,,https://twitter.com/elonmusk/status/1860491901083754599
1860492056520519778,1732410847,2024-11-23T19:14:07-0600,Sun 24 Nov 01:14:07 UTC 2024,@AdrianDittmann Ab so fucking lutely !!!,133,132,"4,519","132,570",Twitter for iPhone,,https://twitter.com/elonmusk/status/1860492056520519778
1860492952755171448,1732411060,2024-11-23T19:17:40-0600,Sun 24 Nov 01:17:40 UTC 2024,"@cb_doge Well, I‚Äôve run out of things to do on Diablo üòÇ",525,136,"3,408","80,803",Twitter for iPhone,,https://twitter.com/elonmusk/status/1860492952755171448
1860493520659742780,1732411196,2024-11-23T19:19:56-0600,Sun 24 Nov 01:19:56 UTC 2024,Can you see the matrix?,"4,516","2,810","34,120","15,130,645",Twitter for iPhone,,https://twitter.com/elonmusk/status/1860493520659742780
1860493899606749297,1732411286,2024-11-23T19:21:26-0600,Sun 24 Nov 01:21:26 UTC 2024,How old were you when you realized others couldn‚Äôt see the matrix?,"41,805","21,438","263,450","62,793,773",Twitter for iPhone,has birdwatch note,https://twitter.com/elonmusk/status/1860493899606749297
1860494165517250569,1732411350,2024-11-23T19:22:30-0600,Sun 24 Nov 01:22:30 UTC 2024,@mattjcan Yay!,101,92,"1,768","28,980",Twitter for iPhone,,https://twitter.com/elonmusk/status/1860494165517250569
1860494349168943370,1732411393,2024-11-23T19:23:13-0600,Sun 24 Nov 01:23:13 UTC 2024,Yes,"3,849","9,969","93,622","10,259,811",Twitter for iPhone,,https://twitter.com/elonmusk/status/1860494349168943370
1860495373837488200,1732411638,2024-11-23T19:27:18-0600,Sun 24 Nov 01:27:18 UTC 2024,RT @terrorproforma: https://t.co/Qy2QHsLv86,0,"2,174",0,114,Twitter for iPhone,,https://twitter.com/elonmusk/status/1860495373837488200
1860495981499781195,1732411782,2024-11-23T19:29:42-0600,Sun 24 Nov 01:29:42 UTC 2024,MATRIùïè,"8,004","10,408","67,008","27,279,796",Twitter for iPhone,,https://twitter.com/elonmusk/status/1860495981499781195
1860496873506676997,1732411995,2024-11-23T19:33:15-0600,Sun 24 Nov 01:33:15 UTC 2024,@treblewoe Vectorspace,215,158,"5,037","700,698",Twitter for iPhone,,https://twitter.com/elonmusk/status/1860496873506676997
1860497175156871588,1732412067,2024-11-23T19:34:27-0600,Sun 24 Nov 01:34:27 UTC 2024,@HeavyMetalShip üòÇ,102,89,"4,594","702,046",Twitter for iPhone,,https://twitter.com/elonmusk/status/1860497175156871588
1860497526769561668,1732412151,2024-11-23T19:35:51-0600,Sun 24 Nov 01:35:51 UTC 2024,Why is he in prison for 18 months?,"20,330","42,850","223,401","41,138,218",Twitter for iPhone,has birdwatch note,https://twitter.com/elonmusk/status/1860497526769561668
1860498709743616190,1732412433,2024-11-23T19:40:33-0600,Sun 24 Nov 01:40:33 UTC 2024,@diana_dukic üéØ,33,22,478,"22,312",Twitter for iPhone,,https://twitter.com/elonmusk/status/1860498709743616190
1860498821416988968,1732412460,2024-11-23T19:41:00-0600,Sun 24 Nov 01:41:00 UTC 2024,@VivekGRamaswamy Yes.,157,133,"2,322","142,446",Twitter for iPhone,,https://twitter.com/elonmusk/status/1860498821416988968
1860499015793610961,1732412506,2024-11-23T19:41:46-0600,Sun 24 Nov 01:41:46 UTC 2024,RT @BartemyS: @AlexBerenson Hey. This is me üôã‚Äç‚ôÇÔ∏è I wrote that. It was in a response to a post by Justine Bateman. https://t.co/cjjYXpSQgH,0,861,0,97,Twitter for iPhone,,https://twitter.com/elonmusk/status/1860499015793610961
1860502987040288977,1732413453,2024-11-23T19:57:33-0600,Sun 24 Nov 01:57:33 UTC 2024,@diana_dukic üòÇ,34,26,450,"21,280",Twitter for iPhone,,https://twitter.com/elonmusk/status/1860502987040288977
1860503392658891187,1732413549,2024-11-23T19:59:09-0600,Sun 24 Nov 01:59:09 UTC 2024,Noland is playing Polytopia just by thinking via his Neuralink Telepathy device https://t.co/NkNimbhPB3,"3,905","8,612","81,563","38,885,790",Twitter for iPhone,,https://twitter.com/elonmusk/status/1860503392658891187
1860504300079710529,1732413766,2024-11-23T20:02:46-0600,Sun 24 Nov 02:02:46 UTC 2024,@realdeepakterra @KettlebellDan Yup,50,24,413,"21,872",Twitter for iPhone,,https://twitter.com/elonmusk/status/1860504300079710529
1860504779325128809,1732413880,2024-11-23T20:04:40-0600,Sun 24 Nov 02:04:40 UTC 2024,ùïè is the group chat / collective conscious of Earth,"6,399","8,131","88,177","23,718,834",Twitter for iPhone,,https://twitter.com/elonmusk/status/1860504779325128809
1860505194183745667,1732413979,2024-11-23T20:06:19-0600,Sun 24 Nov 02:06:19 UTC 2024,I love this meme https://t.co/yLPaKPD02n,"7,426","23,144","479,838","95,541,145",Twitter for iPhone,,https://twitter.com/elonmusk/status/1860505194183745667
1860508864522719354,1732414854,2024-11-23T20:20:54-0600,Sun 24 Nov 02:20:54 UTC 2024,@verifiedjeff @TiffanyFong_ @TiffanyxFong This thread is üòÇ‚ò∫Ô∏èüòÖ,433,93,"5,177","172,466",Twitter for iPhone,,https://twitter.com/elonmusk/status/1860508864522719354
1860509269134635089,1732414951,2024-11-23T20:22:31-0600,Sun 24 Nov 02:22:31 UTC 2024,"@UpdatingOnRome Damn, that‚Äôs real bad yikes",73,42,"1,439","39,254",Twitter for iPhone,,https://twitter.com/elonmusk/status/1860509269134635089
1860510872377995350,1732415333,2024-11-23T20:28:53-0600,Sun 24 Nov 02:28:53 UTC 2024,@mayemusk Yeah,110,66,"1,169","65,806",Twitter for iPhone,,https://twitter.com/elonmusk/status/1860510872377995350
1860511313920754104,1732415438,2024-11-23T20:30:38-0600,Sun 24 Nov 02:30:38 UTC 2024,@Riley_Gaines_ üî´üî´,133,84,"1,765","63,932",Twitter for iPhone,,https://twitter.com/elonmusk/status/1860511313920754104
1860512112012857806,1732415628,2024-11-23T20:33:48-0600,Sun 24 Nov 02:33:48 UTC 2024,RT @Cmdr_Hadfield: The beautiful artistry of pushing engineering to its limits. Starship hot staging @SpaceX. https://t.co/kAf2088elh,0,"1,169",0,101,Twitter for iPhone,,https://twitter.com/elonmusk/status/1860512112012857806
1860512958234710525,1732415830,2024-11-23T20:37:10-0600,Sun 24 Nov 02:37:10 UTC 2024,@PeterSweden7 Crazy,94,75,"1,094","33,646",Twitter for iPhone,,https://twitter.com/elonmusk/status/1860512958234710525
1860513306760315168,1732415913,2024-11-23T20:38:33-0600,Sun 24 Nov 02:38:33 UTC 2024,@BrianRoemmele Yes,51,34,607,"27,603",Twitter for iPhone,,https://twitter.com/elonmusk/status/1860513306760315168
1860513510670717220,1732415962,2024-11-23T20:39:22-0600,Sun 24 Nov 02:39:22 UTC 2024,@AndrewHosfeld @RitaPanahi That is messed up,50,32,631,"24,019",Twitter for iPhone,,https://twitter.com/elonmusk/status/1860513510670717220
1860514223010320406,1732416132,2024-11-23T20:42:12-0600,Sun 24 Nov 02:42:12 UTC 2024,@elon_docs I look a bit like Kim Jong-Un in this interview üòÇ,276,95,"1,315","34,672",Twitter for iPhone,,https://twitter.com/elonmusk/status/1860514223010320406
1860514510328438931,1732416200,2024-11-23T20:43:20-0600,Sun 24 Nov 02:43:20 UTC 2024,üî•üî•,"2,109","5,340","64,776","11,732,123",Twitter for iPhone,,https://twitter.com/elonmusk/status/1860514510328438931
1860515595986374700,1732416459,2024-11-23T20:47:39-0600,Sun 24 Nov 02:47:39 UTC 2024,"It‚Äôs a dirty job, but someone‚Äôs got to do it","2,757","2,964","29,938","5,353,844",Twitter for iPhone,,https://twitter.com/elonmusk/status/1860515595986374700
1860515818636734654,1732416512,2024-11-23T20:48:32-0600,Sun 24 Nov 02:48:32 UTC 2024,They hacked the system,"2,486","12,441","47,152","7,097,466",Twitter for iPhone,,https://twitter.com/elonmusk/status/1860515818636734654
1860516134698586394,1732416587,2024-11-23T20:49:47-0600,Sun 24 Nov 02:49:47 UTC 2024,@BrianRoemmele AI fever dreams,101,34,623,"34,484",Twitter for iPhone,,https://twitter.com/elonmusk/status/1860516134698586394
1860518558372856161,1732417165,2024-11-23T20:59:25-0600,Sun 24 Nov 02:59:25 UTC 2024,Same picture,"5,035","5,118","96,378","36,411,837",Twitter for iPhone,,https://twitter.com/elonmusk/status/1860518558372856161
1860518755878523123,1732417212,2024-11-23T21:00:12-0600,Sun 24 Nov 03:00:12 UTC 2024,@BrianRoemmele Wow,77,40,645,"32,948",Twitter for iPhone,,https://twitter.com/elonmusk/status/1860518755878523123
1860519828877987930,1732417468,2024-11-23T21:04:28-0600,Sun 24 Nov 03:04:28 UTC 2024,Yeah,"1,587","6,267","34,935","5,149,459",Twitter for iPhone,,https://twitter.com/elonmusk/status/1860519828877987930
1860520305896100316,1732417582,2024-11-23T21:06:22-0600,Sun 24 Nov 03:06:22 UTC 2024,@visegrad24 ‚ù§Ô∏è,105,33,772,"39,425",Twitter for iPhone,,https://twitter.com/elonmusk/status/1860520305896100316
1860520920302928037,1732417728,2024-11-23T21:08:48-0600,Sun 24 Nov 03:08:48 UTC 2024,@AlecStapp Terrible,65,43,661,"32,113",Twitter for iPhone,,https://twitter.com/elonmusk/status/1860520920302928037
1860521133457436748,1732417779,2024-11-23T21:09:39-0600,Sun 24 Nov 03:09:39 UTC 2024,@LibertyCappy ü§£,98,32,905,"48,159",Twitter for iPhone,,https://twitter.com/elonmusk/status/1860521133457436748
1860525771963662834,1732418885,2024-11-23T21:28:05-0600,Sun 24 Nov 03:28:05 UTC 2024,@CommonishGround @kevinvdahlgren @tarafaul503 Exactly,45,30,672,"24,915",Twitter for iPhone,,https://twitter.com/elonmusk/status/1860525771963662834
1860525913576001554,1732418919,2024-11-23T21:28:39-0600,Sun 24 Nov 03:28:39 UTC 2024,@teslaownersSV Yeah,103,41,673,"33,802",Twitter for iPhone,,https://twitter.com/elonmusk/status/1860525913576001554
1860529304813395998,1732419727,2024-11-23T21:42:07-0600,Sun 24 Nov 03:42:07 UTC 2024,@GayPatriot üíÄüòÇ,96,29,622,"58,308",Twitter for iPhone,,https://twitter.com/elonmusk/status/1860529304813395998
1860530628346937691,1732420043,2024-11-23T21:47:23-0600,Sun 24 Nov 03:47:23 UTC 2024,Stop killing art with woke propaganda üò°,"3,122","9,555","78,940","9,362,480",Twitter for iPhone,,https://twitter.com/elonmusk/status/1860530628346937691
1860530812267233710,1732420087,2024-11-23T21:48:07-0600,Sun 24 Nov 03:48:07 UTC 2024,How amazing would this be? ü§©,"7,573","18,597","208,730","28,956,421",Twitter for iPhone,,https://twitter.com/elonmusk/status/1860530812267233710
1860530890134421850,1732420105,2024-11-23T21:48:25-0600,Sun 24 Nov 03:48:25 UTC 2024,It‚Äôs true,"3,678","9,298","101,609","13,242,760",Twitter for iPhone,,https://twitter.com/elonmusk/status/1860530890134421850
1860531300471570872,1732420203,2024-11-23T21:50:03-0600,Sun 24 Nov 03:50:03 UTC 2024,SPQR,"8,437","7,038","90,550","31,951,390",Twitter for iPhone,,https://twitter.com/elonmusk/status/1860531300471570872
1860540672983601533,1732422438,2024-11-23T22:27:18-0600,Sun 24 Nov 04:27:18 UTC 2024,"RT @DrPatSoonShiong: The appointment of three highly qualified, critical thinkers‚Äîall of whom are MDs‚Äîto leadership positions in key agenci‚Ä¶",0,770,0,3,Twitter for iPhone,,https://twitter.com/elonmusk/status/1860540672983601533
1860542434637414557,1732422858,2024-11-23T22:34:18-0600,Sun 24 Nov 04:34:18 UTC 2024,@WhatNarrative @Tesla_Optimus @WholeMarsBlog üòÇ,60,31,587,"34,442",Twitter for iPhone,,https://twitter.com/elonmusk/status/1860542434637414557
1860543172386128266,1732423034,2024-11-23T22:37:14-0600,Sun 24 Nov 04:37:14 UTC 2024,"Damn, I get the feeling his lip prints are on a lot of mirrors üò¨","3,582","2,635","28,961","5,152,022",Twitter for iPhone,,https://twitter.com/elonmusk/status/1860543172386128266
1860543365164728528,1732423080,2024-11-23T22:38:00-0600,Sun 24 Nov 04:38:00 UTC 2024,@MikeBenzCyber True,34,45,719,"36,325",Twitter for iPhone,,https://twitter.com/elonmusk/status/1860543365164728528
1860543518202298462,1732423116,2024-11-23T22:38:36-0600,Sun 24 Nov 04:38:36 UTC 2024,@Kristennetten üòÇ,59,53,"2,290","563,080",Twitter for iPhone,,https://twitter.com/elonmusk/status/1860543518202298462
1860543718794867075,1732423164,2024-11-23T22:39:24-0600,Sun 24 Nov 04:39:24 UTC 2024,RT @kerrikgray: @elonmusk This one is fun too. https://t.co/Y1ngx9e8hq,0,625,0,5,Twitter for iPhone,,https://twitter.com/elonmusk/status/1860543718794867075
1860543888844554484,1732423204,2024-11-23T22:40:04-0600,Sun 24 Nov 04:40:04 UTC 2024,@AntiWokeMemes ü§î,120,129,"5,914","786,360",Twitter for iPhone,,https://twitter.com/elonmusk/status/1860543888844554484
1860544134668517597,1732423263,2024-11-23T22:41:03-0600,Sun 24 Nov 04:41:03 UTC 2024,https://t.co/z3necdPC9P,"4,610","13,254","181,492","12,317,476",Twitter for iPhone,,https://twitter.com/elonmusk/status/1860544134668517597
1860544798131925333,1732423421,2024-11-23T22:43:41-0600,Sun 24 Nov 04:43:41 UTC 2024,Kapowüí•,"1,608","3,469","31,045","4,825,159",Twitter for iPhone,,https://twitter.com/elonmusk/status/1860544798131925333
1860545448932704311,1732423576,2024-11-23T22:46:16-0600,Sun 24 Nov 04:46:16 UTC 2024,üéØ,"4,874","26,723","275,993","40,901,406",Twitter for iPhone,has birdwatch note,https://twitter.com/elonmusk/status/1860545448932704311
1860545665941799035,1732423628,2024-11-23T22:47:08-0600,Sun 24 Nov 04:47:08 UTC 2024,Yes,"1,717","3,755","46,773","6,776,650",Twitter for iPhone,,https://twitter.com/elonmusk/status/1860545665941799035
1860547729765859511,1732424120,2024-11-23T22:55:20-0600,Sun 24 Nov 04:55:20 UTC 2024,Rage against the dying of the light,"1,695","3,352","39,780","12,890,403",Twitter for iPhone,,https://twitter.com/elonmusk/status/1860547729765859511
1860547865132794130,1732424153,2024-11-23T22:55:53-0600,Sun 24 Nov 04:55:53 UTC 2024,@karpathy üî•üî•,51,27,749,"39,829",Twitter for iPhone,,https://twitter.com/elonmusk/status/1860547865132794130
1860548103428014199,1732424209,2024-11-23T22:56:49-0600,Sun 24 Nov 04:56:49 UTC 2024,Woke lies kill art,"2,962","7,902","152,469","77,538,977",Twitter for iPhone,,https://twitter.com/elonmusk/status/1860548103428014199
1860548206909882664,1732424234,2024-11-23T22:57:14-0600,Sun 24 Nov 04:57:14 UTC 2024,@HeidiBriones It can drive itself,62,45,792,"31,795",Twitter for iPhone,,https://twitter.com/elonmusk/status/1860548206909882664
1860548419867279808,1732424285,2024-11-23T22:58:05-0600,Sun 24 Nov 04:58:05 UTC 2024,"RT @fentasyl: - 5,000,000 user-days per day or - 14,000 user-years per day Are each slightly more intuitive than 434,000,000,000 user-secon‚Ä¶",0,457,0,7,Twitter for iPhone,,https://twitter.com/elonmusk/status/1860548419867279808
1860548642152808921,1732424338,2024-11-23T22:58:58-0600,Sun 24 Nov 04:58:58 UTC 2024,Exactly,"1,157","3,488","17,333","8,637,821",Twitter for iPhone,,https://twitter.com/elonmusk/status/1860548642152808921
1860548756237877445,1732424365,2024-11-23T22:59:25-0600,Sun 24 Nov 04:59:25 UTC 2024,@skepticaliblog wtf,91,69,"1,007","25,694",Twitter for iPhone,,https://twitter.com/elonmusk/status/1860548756237877445
1860549167921398199,1732424463,2024-11-23T23:01:03-0600,Sun 24 Nov 05:01:03 UTC 2024,RT @Steven_Ballmer: Great to see @DOGE digging into @USAFacts government data,0,958,0,10,Twitter for iPhone,,https://twitter.com/elonmusk/status/1860549167921398199
1860549853778182560,1732424627,2024-11-23T23:03:47-0600,Sun 24 Nov 05:03:47 UTC 2024,Support from the OG creator of ‚Äúmeme‚Äù üòÄ,"1,693","2,214","20,803","3,876,880",Twitter for iPhone,,https://twitter.com/elonmusk/status/1860549853778182560
1860550076357312641,1732424680,2024-11-23T23:04:40-0600,Sun 24 Nov 05:04:40 UTC 2024,@DefiyantlyFree üî•,69,61,"1,137","35,481",Twitter for iPhone,,https://twitter.com/elonmusk/status/1860550076357312641
1860550220209356919,1732424714,2024-11-23T23:05:14-0600,Sun 24 Nov 05:05:14 UTC 2024,@teslaownersSV My phone is melting ü´†,236,78,"1,210","44,240",Twitter for iPhone,,https://twitter.com/elonmusk/status/1860550220209356919
1860552970041197028,1732425370,2024-11-23T23:16:10-0600,Sun 24 Nov 05:16:10 UTC 2024,@Benioff True,39,22,544,"25,105",Twitter for iPhone,,https://twitter.com/elonmusk/status/1860552970041197028
1860553018095337912,1732425381,2024-11-23T23:16:21-0600,Sun 24 Nov 05:16:21 UTC 2024,RT @teslaownersSV: ùïè is the most important app to save üá∫üá∏ democracy Subscribe to ùïè premium and support free speech along with Elon Musk,0,635,0,3,Twitter for iPhone,,https://twitter.com/elonmusk/status/1860553018095337912
1860553109283701104,1732425403,2024-11-23T23:16:43-0600,Sun 24 Nov 05:16:43 UTC 2024,https://t.co/bSAPyTuuba,"22,120","57,277","833,842","95,163,317",Twitter for iPhone,has birdwatch note,https://twitter.com/elonmusk/status/1860553109283701104
1860553997398180253,1732425615,2024-11-23T23:20:15-0600,Sun 24 Nov 05:20:15 UTC 2024,The legacy media propaganda machine that pushed hoaxes relentlessly through the Biden and Harris campaigns still exists and is still pushing propaganda,"1,540","10,370","44,692","8,099,886",Twitter for iPhone,has birdwatch note,https://twitter.com/elonmusk/status/1860553997398180253
1860554260104011896,1732425677,2024-11-23T23:21:17-0600,Sun 24 Nov 05:21:17 UTC 2024,Memeception https://t.co/hjoJcfi2IJ,"2,261","3,772","49,953","6,269,627",Twitter for iPhone,,https://twitter.com/elonmusk/status/1860554260104011896
1860554544549363749,1732425745,2024-11-23T23:22:25-0600,Sun 24 Nov 05:22:25 UTC 2024,Sounds about right,"4,551","23,656","269,988","47,043,473",Twitter for iPhone,,https://twitter.com/elonmusk/status/1860554544549363749
1860554655790694840,1732425772,2024-11-23T23:22:52-0600,Sun 24 Nov 05:22:52 UTC 2024,RT @elon_docs: Elon Musk: I didn't read business books. I liked biographies. ‚ÄúI read a lot of books and talked to lots of people.¬†I didn't‚Ä¶,0,"1,309",0,3,Twitter for iPhone,,https://twitter.com/elonmusk/status/1860554655790694840
1860554903380505002,1732425831,2024-11-23T23:23:51-0600,Sun 24 Nov 05:23:51 UTC 2024,@BrookeLRollins Congratulations!,48,46,859,"61,849",Twitter for iPhone,,https://twitter.com/elonmusk/status/1860554903380505002
1860556265526821243,1732426155,2024-11-23T23:29:15-0600,Sun 24 Nov 05:29:15 UTC 2024,"The obvious final survival attempt of the woke mind parasite, which cannot stand the light of truth, is to splinter off the central consciousness of ùïè to smaller, isolated group minds. There, you can witness its death throes.","2,985","7,017","62,246","9,259,220",Twitter for iPhone,,https://twitter.com/elonmusk/status/1860556265526821243
1860556336045666338,1732426172,2024-11-23T23:29:32-0600,Sun 24 Nov 05:29:32 UTC 2024,https://t.co/JAJgsu8T4g,"1,328","2,229","19,668","4,579,144",Twitter for iPhone,,https://twitter.com/elonmusk/status/1860556336045666338
1860556639742624218,1732426245,2024-11-23T23:30:45-0600,Sun 24 Nov 05:30:45 UTC 2024,@ShitpostGate Only those who want glory ü§∑‚Äç‚ôÇÔ∏è,102,39,754,"35,035",Twitter for iPhone,,https://twitter.com/elonmusk/status/1860556639742624218
1860556969872126261,1732426323,2024-11-23T23:32:03-0600,Sun 24 Nov 05:32:03 UTC 2024,RT @DefiyantlyFree: A preview of MSNBC under the control of @elonmusk and @DonaldJTrumpJr https://t.co/1CvwY3G8Vj,0,"1,649",0,2,Twitter for iPhone,,https://twitter.com/elonmusk/status/1860556969872126261
1860560251709456461,1732427106,2024-11-23T23:45:06-0600,Sun 24 Nov 05:45:06 UTC 2024,@longmier Almost there,43,38,702,"25,010",Twitter for iPhone,,https://twitter.com/elonmusk/status/1860560251709456461
1860560479892177105,1732427160,2024-11-23T23:46:00-0600,Sun 24 Nov 05:46:00 UTC 2024,https://t.co/1r4PO6gl1o,"3,673","5,682","66,639","14,230,732",Twitter for iPhone,has birdwatch note,https://twitter.com/elonmusk/status/1860560479892177105
1860560668375810520,1732427205,2024-11-23T23:46:45-0600,Sun 24 Nov 05:46:45 UTC 2024,@realdeepakterra @teslaownersSV https://t.co/vY8mHSiwzu,45,55,469,"77,615",Twitter for iPhone,,https://twitter.com/elonmusk/status/1860560668375810520
1860561161453994029,1732427323,2024-11-23T23:48:43-0600,Sun 24 Nov 05:48:43 UTC 2024,"My phone keeps suggesting that I post this ginormous, demented laughing emoji üòÇ https://t.co/l0VHESpKfO","11,667","10,482","163,510","18,055,502",Twitter for iPhone,,https://twitter.com/elonmusk/status/1860561161453994029
1860561323169579263,1732427361,2024-11-23T23:49:21-0600,Sun 24 Nov 05:49:21 UTC 2024,@512x512 @abustin Nice,42,33,628,"23,731",Twitter for iPhone,,https://twitter.com/elonmusk/status/1860561323169579263
1860561456439394306,1732427393,2024-11-23T23:49:53-0600,Sun 24 Nov 05:49:53 UTC 2024,@teslaownersSV üòÇ,60,32,631,"26,389",Twitter for iPhone,,https://twitter.com/elonmusk/status/1860561456439394306
1860561500525740430,1732427403,2024-11-23T23:50:03-0600,Sun 24 Nov 05:50:03 UTC 2024,RT @Rothmus: üî•üî•üî•üî• https://t.co/EQlrcR96tI,0,"2,482",0,3,Twitter for iPhone,,https://twitter.com/elonmusk/status/1860561500525740430
1860561692331245941,1732427449,2024-11-23T23:50:49-0600,Sun 24 Nov 05:50:49 UTC 2024,"@teslaownersSV Ok, maybe nothing",112,41,711,"28,373",Twitter for iPhone,,https://twitter.com/elonmusk/status/1860561692331245941
1860561945616875979,1732427510,2024-11-23T23:51:50-0600,Sun 24 Nov 05:51:50 UTC 2024,@MaryTilesTexas There are hinges?,90,37,769,"29,267",Twitter for iPhone,,https://twitter.com/elonmusk/status/1860561945616875979
1860562114278228088,1732427550,2024-11-23T23:52:30-0600,Sun 24 Nov 05:52:30 UTC 2024,ùïè is so unhinged rn,"9,399","7,697","155,481","44,237,857",Twitter for iPhone,,https://twitter.com/elonmusk/status/1860562114278228088
1860562997028299045,1732427760,2024-11-23T23:56:00-0600,Sun 24 Nov 05:56:00 UTC 2024,Having pronouns in a fantasy video game is utterly unacceptable üò°,"5,281","6,792","84,596","13,416,843",Twitter for iPhone,,https://twitter.com/elonmusk/status/1860562997028299045
1860565014727573804,1732428241,2024-11-24T00:04:01-0600,Sun 24 Nov 06:04:01 UTC 2024,@JohnnaCrider1 This is what happens when I don‚Äôt have a video game to play üòÇ,265,76,"1,885","50,814",Twitter for iPhone,,https://twitter.com/elonmusk/status/1860565014727573804
1860565632863076743,1732428389,2024-11-24T00:06:29-0600,Sun 24 Nov 06:06:29 UTC 2024,‚ÄúI am your farter!‚Äù https://t.co/AznlbLTInE,"3,521","3,923","46,817","4,813,789",Twitter for iPhone,,https://twitter.com/elonmusk/status/1860565632863076743
1860565750026764610,1732428417,2024-11-24T00:06:57-0600,Sun 24 Nov 06:06:57 UTC 2024,@alx Yehhhhsss,70,49,919,"43,219",Twitter for iPhone,,https://twitter.com/elonmusk/status/1860565750026764610
1860566270942544333,1732428541,2024-11-24T00:09:01-0600,Sun 24 Nov 06:09:01 UTC 2024,Who is this Angela Merkin person?,"12,161","8,144","87,542","23,629,785",Twitter for iPhone,,https://twitter.com/elonmusk/status/1860566270942544333
1860566509812351484,1732428598,2024-11-24T00:09:58-0600,Sun 24 Nov 06:09:58 UTC 2024,@BillyM2k üçøüçøüëÄ,113,61,"1,111","53,433",Twitter for iPhone,,https://twitter.com/elonmusk/status/1860566509812351484
1860566919654654196,1732428695,2024-11-24T00:11:35-0600,Sun 24 Nov 06:11:35 UTC 2024,You will always be my captain @WilliamShatner,636,620,"8,878","1,722,007",Twitter for iPhone,,https://twitter.com/elonmusk/status/1860566919654654196
1860567302456115346,1732428787,2024-11-24T00:13:07-0600,Sun 24 Nov 06:13:07 UTC 2024,@ValentinaForUSA Sounds about right,215,188,"8,074","342,164",Twitter for iPhone,,https://twitter.com/elonmusk/status/1860567302456115346
1860570119199686872,1732429458,2024-11-24T00:24:18-0600,Sun 24 Nov 06:24:18 UTC 2024,Not bad https://t.co/ob0nB4AcaV,"1,501","2,764","18,764","4,178,458",Twitter for iPhone,has birdwatch note,https://twitter.com/elonmusk/status/1860570119199686872
1860570405767118949,1732429527,2024-11-24T00:25:27-0600,Sun 24 Nov 06:25:27 UTC 2024,https://t.co/EXNhs0WXR0,"1,923","2,268","23,857","4,557,489",Twitter for iPhone,,https://twitter.com/elonmusk/status/1860570405767118949
1860570648533434401,1732429584,2024-11-24T00:26:24-0600,Sun 24 Nov 06:26:24 UTC 2024,@realdeepakterra üíØ,57,37,663,"39,663",Twitter for iPhone,,https://twitter.com/elonmusk/status/1860570648533434401
1860570974103699819,1732429662,2024-11-24T00:27:42-0600,Sun 24 Nov 06:27:42 UTC 2024,@Ai420a12 üòÇ,33,26,584,"30,922",Twitter for iPhone,,https://twitter.com/elonmusk/status/1860570974103699819
1860571010518708602,1732429671,2024-11-24T00:27:51-0600,Sun 24 Nov 06:27:51 UTC 2024,https://t.co/yztsUBPZbk,"5,466","20,415","289,296","32,552,462",Twitter for iPhone,,https://twitter.com/elonmusk/status/1860571010518708602
1860571336021876911,1732429748,2024-11-24T00:29:08-0600,Sun 24 Nov 06:29:08 UTC 2024,@AutismCapital Literally ü§£ü§£,130,46,"1,058","42,723",Twitter for iPhone,,https://twitter.com/elonmusk/status/1860571336021876911
1860572328465432924,1732429985,2024-11-24T00:33:05-0600,Sun 24 Nov 06:33:05 UTC 2024,Something tells me this will hit the press üßå ü§≠,567,543,"5,978","1,382,656",Twitter for iPhone,,https://twitter.com/elonmusk/status/1860572328465432924
1860573781401722924,1732430331,2024-11-24T00:38:51-0600,Sun 24 Nov 06:38:51 UTC 2024,@Rothmus The Internets never misses a thing,99,50,"1,244","35,293",Twitter for iPhone,,https://twitter.com/elonmusk/status/1860573781401722924
1860574377013838033,1732430473,2024-11-24T00:41:13-0600,Sun 24 Nov 06:41:13 UTC 2024,"Meanwhile, some idiots are still building manned fighter jets like the F-35 üóëÔ∏è ü´† https://t.co/4JX27qcxz1","19,195","47,394","394,128","94,136,423",Twitter for iPhone,,https://twitter.com/elonmusk/status/1860574377013838033
1860574517971837047,1732430507,2024-11-24T00:41:47-0600,Sun 24 Nov 06:41:47 UTC 2024,More Starlinks,"1,690","3,558","34,104","5,031,912",Twitter for iPhone,has birdwatch note,https://twitter.com/elonmusk/status/1860574517971837047
1860574727942922257,1732430557,2024-11-24T00:42:37-0600,Sun 24 Nov 06:42:37 UTC 2024,"RT @dvorahfr: To make humans multi-planetary, it will be necessary to build buildings worthy of the cathedrals of yesteryear https://t.co/W‚Ä¶",0,"1,005",0,2,Twitter for iPhone,,https://twitter.com/elonmusk/status/1860574727942922257
1860574843391066304,1732430585,2024-11-24T00:43:05-0600,Sun 24 Nov 06:43:05 UTC 2024,SpaceX now does this every day or so,"2,484","5,934","59,142","8,069,523",Twitter for iPhone,,https://twitter.com/elonmusk/status/1860574843391066304
1860574929055617377,1732430605,2024-11-24T00:43:25-0600,Sun 24 Nov 06:43:25 UTC 2024,@DimaZeniuk Yup,63,31,581,"28,130",Twitter for iPhone,,https://twitter.com/elonmusk/status/1860574929055617377
1860575088070000849,1732430643,2024-11-24T00:44:03-0600,Sun 24 Nov 06:44:03 UTC 2024,@ValentinaForUSA üíØ,324,143,"5,987","1,229,311",Twitter for iPhone,,https://twitter.com/elonmusk/status/1860575088070000849
1860575268395712540,1732430686,2024-11-24T00:44:46-0600,Sun 24 Nov 06:44:46 UTC 2024,@Chad_Hurley üî•üî•,43,41,946,"42,746",Twitter for iPhone,,https://twitter.com/elonmusk/status/1860575268395712540
1860575443923141092,1732430728,2024-11-24T00:45:28-0600,Sun 24 Nov 06:45:28 UTC 2024,I love the fresh breeze of a wide open Overton Window,"1,540","2,288","25,612","9,933,909",Twitter for iPhone,,https://twitter.com/elonmusk/status/1860575443923141092
1860575719425999152,1732430793,2024-11-24T00:46:33-0600,Sun 24 Nov 06:46:33 UTC 2024,@JoshuaSteinman Yeah,50,33,580,"30,587",Twitter for iPhone,,https://twitter.com/elonmusk/status/1860575719425999152
1860575849193599176,1732430824,2024-11-24T00:47:04-0600,Sun 24 Nov 06:47:04 UTC 2024,@BenjaminDEKR Always be shipping,46,35,718,"55,326",Twitter for iPhone,,https://twitter.com/elonmusk/status/1860575849193599176
1860576184024859075,1732430904,2024-11-24T00:48:24-0600,Sun 24 Nov 06:48:24 UTC 2024,@JoshuaSteinman Sounds like a good deal,49,59,869,"29,560",Twitter for iPhone,,https://twitter.com/elonmusk/status/1860576184024859075
1860576417903444086,1732430960,2024-11-24T00:49:20-0600,Sun 24 Nov 06:49:20 UTC 2024,@Rothmus No.,137,65,"1,203","37,257",Twitter for iPhone,,https://twitter.com/elonmusk/status/1860576417903444086
1860577325160759403,1732431176,2024-11-24T00:52:56-0600,Sun 24 Nov 06:52:56 UTC 2024,Whoa,"4,895","36,720","213,061","27,014,109",Twitter for iPhone,,https://twitter.com/elonmusk/status/1860577325160759403
1860577803059757329,1732431290,2024-11-24T00:54:50-0600,Sun 24 Nov 06:54:50 UTC 2024,@pmarca I was 15 or so,131,52,"1,044","64,312",Twitter for iPhone,,https://twitter.com/elonmusk/status/1860577803059757329
1860578026519691633,1732431344,2024-11-24T00:55:44-0600,Sun 24 Nov 06:55:44 UTC 2024,@BG2Pod @Tesla @Waymo @bgurley @altcap @FredaDuan Coming soon,188,199,"2,654","435,870",Twitter for iPhone,,https://twitter.com/elonmusk/status/1860578026519691633
1860578468381286702,1732431449,2024-11-24T00:57:29-0600,Sun 24 Nov 06:57:29 UTC 2024,@NicoleShanahan Yes,55,79,"1,626","56,381",Twitter for iPhone,,https://twitter.com/elonmusk/status/1860578468381286702
1860578940336918886,1732431561,2024-11-24T00:59:21-0600,Sun 24 Nov 06:59:21 UTC 2024,@BrianRoemmele True,59,40,714,"40,995",Twitter for iPhone,,https://twitter.com/elonmusk/status/1860578940336918886
1860579364628496668,1732431663,2024-11-24T01:01:03-0600,Sun 24 Nov 07:01:03 UTC 2024,@alifarhat79 üòÇ,79,40,740,"41,044",Twitter for iPhone,,https://twitter.com/elonmusk/status/1860579364628496668
1860580154386551018,1732431851,2024-11-24T01:04:11-0600,Sun 24 Nov 07:04:11 UTC 2024,RT @PlanetOfMemes: DOGE can make this happen. Make the Tax Code Simple Again. https://t.co/adguf8v95j,0,"2,547",0,5,Twitter for iPhone,,https://twitter.com/elonmusk/status/1860580154386551018
1860580220413313100,1732431867,2024-11-24T01:04:27-0600,Sun 24 Nov 07:04:27 UTC 2024,@HeroDividend @alifarhat79 Yeah,57,28,503,"33,418",Twitter for iPhone,,https://twitter.com/elonmusk/status/1860580220413313100
1860581372177580101,1732432141,2024-11-24T01:09:01-0600,Sun 24 Nov 07:09:01 UTC 2024,@pmarca Yup,52,27,591,"59,032",Twitter for iPhone,,https://twitter.com/elonmusk/status/1860581372177580101
1860583046728355897,1732432540,2024-11-24T01:15:40-0600,Sun 24 Nov 07:15:40 UTC 2024,The years really fly by https://t.co/3l0a6zKQeZ,"21,477","32,134","382,513","50,034,816",Twitter for iPhone,,https://twitter.com/elonmusk/status/1860583046728355897
1860583239154643129,1732432586,2024-11-24T01:16:26-0600,Sun 24 Nov 07:16:26 UTC 2024,Since it‚Äôs almost 2:30 ET https://t.co/d6CFT0wtVv,"3,698","6,320","97,236","12,840,752",Twitter for iPhone,,https://twitter.com/elonmusk/status/1860583239154643129
1860584634154913823,1732432919,2024-11-24T01:21:59-0600,Sun 24 Nov 07:21:59 UTC 2024,@cb_doge üòÇ,145,57,"1,044","78,686",Twitter for iPhone,,https://twitter.com/elonmusk/status/1860584634154913823
1860584723560747090,1732432940,2024-11-24T01:22:20-0600,Sun 24 Nov 07:22:20 UTC 2024,I do love this meme https://t.co/1QXTWgcYNA,"20,991","51,483","889,498","116,740,919",Twitter for iPhone,,https://twitter.com/elonmusk/status/1860584723560747090
1860585574371041661,1732433143,2024-11-24T01:25:43-0600,Sun 24 Nov 07:25:43 UTC 2024,@BillyM2k They‚Äôre trying to force Japanese game developers to go woke,205,114,"2,624","106,931",Twitter for iPhone,,https://twitter.com/elonmusk/status/1860585574371041661
1860587048933175599,1732433495,2024-11-24T01:31:35-0600,Sun 24 Nov 07:31:35 UTC 2024,@soursillypickle I‚Äôm a time-traveling vampire!,254,92,"1,703","258,919",Twitter for iPhone,,https://twitter.com/elonmusk/status/1860587048933175599
1860587710551064820,1732433652,2024-11-24T01:34:12-0600,Sun 24 Nov 07:34:12 UTC 2024,@alx üòÇ,91,64,"1,020","57,145",Twitter for iPhone,,https://twitter.com/elonmusk/status/1860587710551064820
1860587923663651180,1732433703,2024-11-24T01:35:03-0600,Sun 24 Nov 07:35:03 UTC 2024,"@diana_dukic @soursillypickle *Time-traveling, vampire alien",215,78,"1,354","307,002",Twitter for iPhone,,https://twitter.com/elonmusk/status/1860587923663651180
1860588138093289565,1732433754,2024-11-24T01:35:54-0600,Sun 24 Nov 07:35:54 UTC 2024,@TheChiefNerd Good idea,121,93,"1,434","66,596",Twitter for iPhone,,https://twitter.com/elonmusk/status/1860588138093289565
1860588423834403051,1732433822,2024-11-24T01:37:02-0600,Sun 24 Nov 07:37:02 UTC 2024,@cryptohodlgroup @Cernovich No rolling this time,84,53,836,"45,757",Twitter for iPhone,,https://twitter.com/elonmusk/status/1860588423834403051
1860589195733139793,1732434006,2024-11-24T01:40:06-0600,Sun 24 Nov 07:40:06 UTC 2024,@AdrianDittmann https://t.co/06c5b7Unhm,170,97,984,"56,977",Twitter for iPhone,,https://twitter.com/elonmusk/status/1860589195733139793
1860591666941558854,1732434596,2024-11-24T01:49:56-0600,Sun 24 Nov 07:49:56 UTC 2024,And lead us not into temptation ‚Ä¶ https://t.co/0FG24fdwUc,"36,132","48,130","595,980","76,079,211",Twitter for iPhone,,https://twitter.com/elonmusk/status/1860591666941558854
1860591769920086422,1732434620,2024-11-24T01:50:20-0600,Sun 24 Nov 07:50:20 UTC 2024,@TiffanyFong_ @hockeybarn_ üòÇ,120,31,721,"106,910",Twitter for iPhone,,https://twitter.com/elonmusk/status/1860591769920086422
1860593060176101444,1732434928,2024-11-24T01:55:28-0600,Sun 24 Nov 07:55:28 UTC 2024,This would explain a lot of things,"8,572","7,261","83,687","14,358,010",Twitter for iPhone,,https://twitter.com/elonmusk/status/1860593060176101444
1860593380084121831,1732435004,2024-11-24T01:56:44-0600,Sun 24 Nov 07:56:44 UTC 2024,RT @MarioNawfal: I wonder what other ‚Äúalien-level‚Äù tech will be developed to get humanity to Mars? So far we have‚Ä¶ Reusable rockets and g‚Ä¶,0,"1,275",0,7,Twitter for iPhone,,https://twitter.com/elonmusk/status/1860593380084121831
1860694522549911846,1732459118,2024-11-24T08:38:38-0600,Sun 24 Nov 14:38:38 UTC 2024,"RT @EndWokeness: SHOCK POLL: Trump approval surges to 59% (+18), an all-time high (CBS) https://t.co/jlmfQeheXw",0,"3,467",0,6,Twitter for iPhone,,https://twitter.com/elonmusk/status/1860694522549911846
1860696219187835389,1732459523,2024-11-24T08:45:23-0600,Sun 24 Nov 14:45:23 UTC 2024,Your tax dollars should not fund lies,"14,971","37,909","191,105","25,719,193",Twitter for iPhone,,https://twitter.com/elonmusk/status/1860696219187835389
1860696362804969506,1732459557,2024-11-24T08:45:57-0600,Sun 24 Nov 14:45:57 UTC 2024,"@SenRickScott Hear, hear! üá∫üá∏üá∫üá∏",108,112,"1,263","38,808",Twitter for iPhone,,https://twitter.com/elonmusk/status/1860696362804969506
1860698675527487899,1732460109,2024-11-24T08:55:09-0600,Sun 24 Nov 14:55:09 UTC 2024,@stillgray üòÇ,152,70,"1,203","39,757",Twitter for iPhone,,https://twitter.com/elonmusk/status/1860698675527487899
1860699783331205594,1732460373,2024-11-24T08:59:33-0600,Sun 24 Nov 14:59:33 UTC 2024,ü§®,"3,228","17,795","173,239","28,665,226",Twitter for iPhone,,https://twitter.com/elonmusk/status/1860699783331205594
1860701054289264904,1732460676,2024-11-24T09:04:36-0600,Sun 24 Nov 15:04:36 UTC 2024,RT @astro_Pettit: A new spin on orbital video. https://t.co/hgdgg25XnL,0,"1,582",0,9,Twitter for iPhone,,https://twitter.com/elonmusk/status/1860701054289264904
1860702819105546342,1732461096,2024-11-24T09:11:36-0600,Sun 24 Nov 15:11:36 UTC 2024,RT @ajtourville: Known telcos set to launch @Starlink's Direct to Cell (DTC) service: üá∫üá∏ T-Mobile in the U.S. üá®üá¶ Rogers in Canada üá≥üáø O‚Ä¶,0,647,0,3,Twitter for iPhone,,https://twitter.com/elonmusk/status/1860702819105546342
1860703282861310141,1732461207,2024-11-24T09:13:27-0600,Sun 24 Nov 15:13:27 UTC 2024,True!,"6,162","2,448","44,573","28,493,523",Twitter for iPhone,,https://twitter.com/elonmusk/status/1860703282861310141
1860704744630845870,1732461555,2024-11-24T09:19:15-0600,Sun 24 Nov 15:19:15 UTC 2024,@ScottAdamsSays üî•üòÇ,89,80,"1,199","45,699",Twitter for iPhone,,https://twitter.com/elonmusk/status/1860704744630845870
1860705145887268964,1732461651,2024-11-24T09:20:51-0600,Sun 24 Nov 15:20:51 UTC 2024,UN is helping fund illegal migration to America,"17,290","55,068","145,649","16,250,924",Twitter for iPhone,,https://twitter.com/elonmusk/status/1860705145887268964
1860705853604790414,1732461820,2024-11-24T09:23:40-0600,Sun 24 Nov 15:23:40 UTC 2024,Starlink‚Äôs new system enables Internet connectivity for your mobile phone with no extra equipment or special app. It just works.,"7,404","18,793","109,719","20,580,581",Twitter for iPhone,has birdwatch note,https://twitter.com/elonmusk/status/1860705853604790414
1860706257025556691,1732461916,2024-11-24T09:25:16-0600,Sun 24 Nov 15:25:16 UTC 2024,"@JohnnaCrider1 Wow, this is crazy!",59,40,714,"30,795",Twitter for iPhone,,https://twitter.com/elonmusk/status/1860706257025556691
1860706349392568742,1732461938,2024-11-24T09:25:38-0600,Sun 24 Nov 15:25:38 UTC 2024,@JohnnaCrider1 Is it still on the market?,109,44,599,"143,977",Twitter for iPhone,,https://twitter.com/elonmusk/status/1860706349392568742
1860706778113266013,1732462040,2024-11-24T09:27:20-0600,Sun 24 Nov 15:27:20 UTC 2024,@libsoftiktok She has crazy eyes,452,214,"3,287","185,490",Twitter for iPhone,,https://twitter.com/elonmusk/status/1860706778113266013
1860707062499713225,1732462108,2024-11-24T09:28:28-0600,Sun 24 Nov 15:28:28 UTC 2024,@SWT_Channel We. Are. Gamers!!,146,116,"2,567","118,296",Twitter for iPhone,,https://twitter.com/elonmusk/status/1860707062499713225
1860708238930710884,1732462389,2024-11-24T09:33:09-0600,Sun 24 Nov 15:33:09 UTC 2024,Forward ùïè posts to your friends & family,"2,277","3,103","19,462","5,615,060",Twitter for iPhone,,https://twitter.com/elonmusk/status/1860708238930710884
1860708727416087016,1732462505,2024-11-24T09:35:05-0600,Sun 24 Nov 15:35:05 UTC 2024,üòÇ https://t.co/FmWtzjpQRX,"5,265","6,147","68,632","19,545,965",Twitter for iPhone,,https://twitter.com/elonmusk/status/1860708727416087016
1860708854260224059,1732462535,2024-11-24T09:35:35-0600,Sun 24 Nov 15:35:35 UTC 2024,https://t.co/UQZpMjRinW,"13,359","6,320","87,897","33,830,625",Twitter for iPhone,has birdwatch note,https://twitter.com/elonmusk/status/1860708854260224059
1860708996518449508,1732462569,2024-11-24T09:36:09-0600,Sun 24 Nov 15:36:09 UTC 2024,RT @OwenSparks_: .@X is a designer brand. The product is free speech. https://t.co/YHWa00Zpbs,0,926,0,7,Twitter for iPhone,,https://twitter.com/elonmusk/status/1860708996518449508
1860709200223154373,1732462618,2024-11-24T09:36:58-0600,Sun 24 Nov 15:36:58 UTC 2024,üéØüòÇ,"2,801","4,834","87,792","31,448,080",Twitter for iPhone,,https://twitter.com/elonmusk/status/1860709200223154373
1860709233429561589,1732462626,2024-11-24T09:37:06-0600,Sun 24 Nov 15:37:06 UTC 2024,@Predator420_ @HSajwanization Yup,95,53,650,"29,505",Twitter for iPhone,,https://twitter.com/elonmusk/status/1860709233429561589
1860709883160731898,1732462781,2024-11-24T09:39:41-0600,Sun 24 Nov 15:39:41 UTC 2024,RT @Starlink: High-speed internet for when you‚Äôre flying through space or coming in for a landing on the other side of the world https://t.‚Ä¶,0,"2,516",0,8,Twitter for iPhone,,https://twitter.com/elonmusk/status/1860709883160731898
1860710816938598458,1732463003,2024-11-24T09:43:23-0600,Sun 24 Nov 15:43:23 UTC 2024,"RT @SenJoniErnst: Billion dollar boondoggles, tele-‚Äúworking‚Äù bureaucrats, and vacant buildings. Let‚Äôs stop this waste! @doge @elonmusk @vi‚Ä¶",0,"1,596",0,6,Twitter for iPhone,,https://twitter.com/elonmusk/status/1860710816938598458
1860711394045546521,1732463141,2024-11-24T09:45:41-0600,Sun 24 Nov 15:45:41 UTC 2024,@Caitlyn_Jenner @DOGE Crazy,76,48,725,"32,569",Twitter for iPhone,,https://twitter.com/elonmusk/status/1860711394045546521
1860711724539924873,1732463220,2024-11-24T09:47:00-0600,Sun 24 Nov 15:47:00 UTC 2024,It‚Äôs a big improvement that I‚Äôve been pushing for a while,"1,889","1,871","19,843","8,865,681",Twitter for iPhone,,https://twitter.com/elonmusk/status/1860711724539924873
1860712162949554645,1732463324,2024-11-24T09:48:44-0600,Sun 24 Nov 15:48:44 UTC 2024,Maher is expressing a sentiment shared by many on the extreme left,"6,200","12,812","63,157","9,736,394",Twitter for iPhone,,https://twitter.com/elonmusk/status/1860712162949554645
1860712658502340668,1732463442,2024-11-24T09:50:42-0600,Sun 24 Nov 15:50:42 UTC 2024,@ScottAdamsSays Yes,95,103,"1,603","51,572",Twitter for iPhone,,https://twitter.com/elonmusk/status/1860712658502340668
1860712895635657108,1732463499,2024-11-24T09:51:39-0600,Sun 24 Nov 15:51:39 UTC 2024,RT @grandoldmemes: https://t.co/vN2wiH0L8W,0,"4,304",0,15,Twitter for iPhone,,https://twitter.com/elonmusk/status/1860712895635657108
1860713051269607732,1732463536,2024-11-24T09:52:16-0600,Sun 24 Nov 15:52:16 UTC 2024,RT @TheFigen_: This is how the fake news media works! https://t.co/OoyZXTKc2F,0,"9,443",0,13,Twitter for iPhone,,https://twitter.com/elonmusk/status/1860713051269607732
1860713178881249532,1732463566,2024-11-24T09:52:46-0600,Sun 24 Nov 15:52:46 UTC 2024,@BurtMaclin_FBI @NateSilver538 üòÇ,77,38,767,"41,485",Twitter for iPhone,,https://twitter.com/elonmusk/status/1860713178881249532
1860724095467573385,1732466169,2024-11-24T10:36:09-0600,Sun 24 Nov 16:36:09 UTC 2024,@robbystarbuck This is crazy,810,929,"15,198","491,672",Twitter for iPhone,,https://twitter.com/elonmusk/status/1860724095467573385
1860725934137205090,1732466607,2024-11-24T10:43:27-0600,Sun 24 Nov 16:43:27 UTC 2024,"Incarceration for contempt of court, even when valid, should not be for such an egregious length of time. When compared to the many crimes that receive little to no prison time, this cannot be considered fair or just.","2,900","11,591","67,212","6,891,841",Twitter for iPhone,,https://twitter.com/elonmusk/status/1860725934137205090
1860726280544792925,1732466690,2024-11-24T10:44:50-0600,Sun 24 Nov 16:44:50 UTC 2024,RT @johnkrausphotos: https://t.co/bPFONHNsHa,0,"1,003",0,13,Twitter for iPhone,,https://twitter.com/elonmusk/status/1860726280544792925
1860726497197293649,1732466742,2024-11-24T10:45:42-0600,Sun 24 Nov 16:45:42 UTC 2024,Yes,"1,268","5,219","31,893","10,439,560",Twitter for iPhone,,https://twitter.com/elonmusk/status/1860726497197293649
1860726596006785524,1732466765,2024-11-24T10:46:05-0600,Sun 24 Nov 16:46:05 UTC 2024,@shaunmmaguire Exactly,82,44,873,"31,497",Twitter for iPhone,,https://twitter.com/elonmusk/status/1860726596006785524
1860726787195707738,1732466811,2024-11-24T10:46:51-0600,Sun 24 Nov 16:46:51 UTC 2024,True,"8,214","20,048","331,993","95,829,517",Twitter for iPhone,,https://twitter.com/elonmusk/status/1860726787195707738
1860726978338594976,1732466856,2024-11-24T10:47:36-0600,Sun 24 Nov 16:47:36 UTC 2024,@NoemiKhachian üò©,89,31,613,"23,405",Twitter for iPhone,,https://twitter.com/elonmusk/status/1860726978338594976
1860730086909215155,1732467598,2024-11-24T10:59:58-0600,Sun 24 Nov 16:59:58 UTC 2024,"@brianoflondon Crewed fighter jets are an inefficient way to extend the range of missiles or drop bombs. A reusable drone can do so without all the overhead of a human pilot. And fighter jets will be shot down very quickly if the opposing force has sophisticated SAM or drones, as shown by the‚Ä¶",175,95,"1,252","168,305",Twitter for iPhone,,https://twitter.com/elonmusk/status/1860730086909215155
1860730320217374947,1732467653,2024-11-24T11:00:53-0600,Sun 24 Nov 17:00:53 UTC 2024,@Austen Calculus is not hard,217,57,"2,006","88,366",Twitter for iPhone,,https://twitter.com/elonmusk/status/1860730320217374947
1860730954068955338,1732467804,2024-11-24T11:03:24-0600,Sun 24 Nov 17:03:24 UTC 2024,@GregWAutry Results are what matter. Continuing to waste taxpayer money is theft.,76,77,"1,284","30,328",Twitter for iPhone,,https://twitter.com/elonmusk/status/1860730954068955338
1860731348962750677,1732467898,2024-11-24T11:04:58-0600,Sun 24 Nov 17:04:58 UTC 2024,The people of Britain have had enough of a tyrannical police state,"8,105","34,450","205,497","35,010,238",Twitter for iPhone,has birdwatch note,https://twitter.com/elonmusk/status/1860731348962750677
1860731599715000666,1732467958,2024-11-24T11:05:58-0600,Sun 24 Nov 17:05:58 UTC 2024,@BrianRoemmele That was a great one,54,38,561,"31,982",Twitter for iPhone,,https://twitter.com/elonmusk/status/1860731599715000666
1860731835925623201,1732468015,2024-11-24T11:06:55-0600,Sun 24 Nov 17:06:55 UTC 2024,‚ÄúDon‚Äôt teach your children at home or they will be bored at school‚Äù. That‚Äôs crazy.,"5,813","14,240","121,276","19,817,602",Twitter for iPhone,,https://twitter.com/elonmusk/status/1860731835925623201
1860731970445303927,1732468047,2024-11-24T11:07:27-0600,Sun 24 Nov 17:07:27 UTC 2024,RT @rookisaacman: Incredible shot by Snap. People are going to ride this skyscraper of an interplanetary rocket in the not-too-distant futu‚Ä¶,0,"1,074",0,21,Twitter for iPhone,,https://twitter.com/elonmusk/status/1860731970445303927
1860732280123326832,1732468120,2024-11-24T11:08:40-0600,Sun 24 Nov 17:08:40 UTC 2024,@Hamotex @stillgray What a coincidence,63,43,684,"25,291",Twitter for iPhone,,https://twitter.com/elonmusk/status/1860732280123326832
1860732473833128149,1732468167,2024-11-24T11:09:27-0600,Sun 24 Nov 17:09:27 UTC 2024,@stillgray That is the last refuge of the woke mind parasite,191,159,"1,971","45,291",Twitter for iPhone,,https://twitter.com/elonmusk/status/1860732473833128149
1860732735360508134,1732468229,2024-11-24T11:10:29-0600,Sun 24 Nov 17:10:29 UTC 2024,@ajtourville üòÇ,100,46,689,"31,329",Twitter for iPhone,,https://twitter.com/elonmusk/status/1860732735360508134
1860735056068874562,1732468782,2024-11-24T11:19:42-0600,Sun 24 Nov 17:19:42 UTC 2024,@BillAckman üòÇ,84,68,978,"69,660",Twitter for iPhone,,https://twitter.com/elonmusk/status/1860735056068874562
1860736645185810550,1732469161,2024-11-24T11:26:01-0600,Sun 24 Nov 17:26:01 UTC 2024,@johnkrausphotos Yes,30,26,445,"25,946",Twitter for iPhone,,https://twitter.com/elonmusk/status/1860736645185810550
1860736980621156813,1732469241,2024-11-24T11:27:21-0600,Sun 24 Nov 17:27:21 UTC 2024,@VKtz86 It‚Äôs a shit design,"1,551",237,"7,139","1,618,244",Twitter for iPhone,has birdwatch note,https://twitter.com/elonmusk/status/1860736980621156813
1860737248846831710,1732469305,2024-11-24T11:28:25-0600,Sun 24 Nov 17:28:25 UTC 2024,@RationalEtienne @brianoflondon Yeah,43,34,474,"32,982",Twitter for iPhone,,https://twitter.com/elonmusk/status/1860737248846831710
1860737804227281348,1732469438,2024-11-24T11:30:38-0600,Sun 24 Nov 17:30:38 UTC 2024,@noahroth @brianoflondon It is laughably easy to take down fighter jets. ‚ÄúStealth‚Äù means nothing if you use elementary AI with low light sensitivity cameras. They aren‚Äôt invisible.,274,66,"1,096","342,187",Twitter for iPhone,,https://twitter.com/elonmusk/status/1860737804227281348
1860738574796337428,1732469621,2024-11-24T11:33:41-0600,Sun 24 Nov 17:33:41 UTC 2024,@Rob_2628 Whatever class is closest to fighter/magic-user,77,37,607,"63,887",Twitter for iPhone,,https://twitter.com/elonmusk/status/1860738574796337428
1860738750780961046,1732469663,2024-11-24T11:34:23-0600,Sun 24 Nov 17:34:23 UTC 2024,@michaelrulli Was that much money actually spent?,569,396,"6,273","216,639",Twitter for iPhone,,https://twitter.com/elonmusk/status/1860738750780961046
1860739081539551241,1732469742,2024-11-24T11:35:42-0600,Sun 24 Nov 17:35:42 UTC 2024,@ScarantinoX @BLKMDL3 And V13 is trending to be ~500% better,225,384,"3,892","597,767",Twitter for iPhone,,https://twitter.com/elonmusk/status/1860739081539551241
1860739536948760608,1732469851,2024-11-24T11:37:31-0600,Sun 24 Nov 17:37:31 UTC 2024,Tip of the tip of the iceberg,"2,883","9,221","47,056","26,162,900",Twitter for iPhone,,https://twitter.com/elonmusk/status/1860739536948760608
1860740829985575338,1732470159,2024-11-24T11:42:39-0600,Sun 24 Nov 17:42:39 UTC 2024,@thackerpd @sciam @semaforben @michaelshermer She‚Äôs not a good person,79,86,934,"33,086",Twitter for iPhone,,https://twitter.com/elonmusk/status/1860740829985575338
1860741566673064063,1732470335,2024-11-24T11:45:35-0600,Sun 24 Nov 17:45:35 UTC 2024,SPQR https://t.co/IqIfXi7MmH,"19,565","21,116","273,876","29,954,398",Twitter for iPhone,has birdwatch note,https://twitter.com/elonmusk/status/1860741566673064063
1860741711024329004,1732470369,2024-11-24T11:46:09-0600,Sun 24 Nov 17:46:09 UTC 2024,@WesternLensman üòÇ,56,87,"1,296","43,118",Twitter for iPhone,,https://twitter.com/elonmusk/status/1860741711024329004
1860742730152087903,1732470612,2024-11-24T11:50:12-0600,Sun 24 Nov 17:50:12 UTC 2024,@LibertyCappy üòÇ,122,54,"1,530","206,185",Twitter for iPhone,,https://twitter.com/elonmusk/status/1860742730152087903
1860743994885697730,1732470913,2024-11-24T11:55:13-0600,Sun 24 Nov 17:55:13 UTC 2024,"RT @Tesla: FSD Supervised handles all your driving, no matter how long the trip",0,"1,019",0,14,Twitter for iPhone,,https://twitter.com/elonmusk/status/1860743994885697730
1860745144607400152,1732471188,2024-11-24T11:59:48-0600,Sun 24 Nov 17:59:48 UTC 2024,@AutismCapital üî•,263,85,"2,613","215,744",Twitter for iPhone,,https://twitter.com/elonmusk/status/1860745144607400152
1860746009237954561,1732471394,2024-11-24T12:03:14-0600,Sun 24 Nov 18:03:14 UTC 2024,RT @MarioNawfal: üá∫üá∏MAINSTREAM MEDIA INFECTED BY THE ‚ÄúPARASITIC MIND‚Äù Gad Saad warns that a ‚Äúmind virus‚Äù has spread from academia into main‚Ä¶,0,"2,167",0,13,Twitter for iPhone,,https://twitter.com/elonmusk/status/1860746009237954561
1860754281722482875,1732473366,2024-11-24T12:36:06-0600,Sun 24 Nov 18:36:06 UTC 2024,"RT @akafacehots: LOL! Mark Cuban nearly in tears over the thought of losing his 25-million dollar salary. It really says ""ELON MUSK POSTS D‚Ä¶",0,"2,256",0,38,Twitter for iPhone,,https://twitter.com/elonmusk/status/1860754281722482875
1860754810641031516,1732473492,2024-11-24T12:38:12-0600,Sun 24 Nov 18:38:12 UTC 2024,@DonaldJTrumpJr üíØ,280,297,"5,268","171,115",Twitter for iPhone,,https://twitter.com/elonmusk/status/1860754810641031516
1860754895244349771,1732473512,2024-11-24T12:38:32-0600,Sun 24 Nov 18:38:32 UTC 2024,@AlecStapp Crazy train keeps going,95,66,"1,642","45,206",Twitter for iPhone,,https://twitter.com/elonmusk/status/1860754895244349771
1860754953243120046,1732473526,2024-11-24T12:38:46-0600,Sun 24 Nov 18:38:46 UTC 2024,@longmier üòÇ,84,35,587,"30,871",Twitter for iPhone,,https://twitter.com/elonmusk/status/1860754953243120046
1860766441122996246,1732476265,2024-11-24T13:24:25-0600,Sun 24 Nov 19:24:25 UTC 2024,"See, this proves that I‚Äôm a time-traveling vampire alien! Even though I‚Äôm 5000 years old, I think I look much younger.","10,589","9,426","107,677","18,835,046",Twitter for iPhone,has birdwatch note,https://twitter.com/elonmusk/status/1860766441122996246
1860767683484250486,1732476561,2024-11-24T13:29:21-0600,Sun 24 Nov 19:29:21 UTC 2024,@CNviolations https://t.co/e3YDfEaeB2,639,659,"12,494","321,923",Twitter for iPhone,,https://twitter.com/elonmusk/status/1860767683484250486
1860768163803304216,1732476676,2024-11-24T13:31:16-0600,Sun 24 Nov 19:31:16 UTC 2024,Our system is broken,"8,090","23,321","148,314","37,200,813",Twitter for iPhone,,https://twitter.com/elonmusk/status/1860768163803304216
1860768457186525271,1732476746,2024-11-24T13:32:26-0600,Sun 24 Nov 19:32:26 UTC 2024,Yes,"1,443","2,516","21,053","4,596,369",Twitter for iPhone,,https://twitter.com/elonmusk/status/1860768457186525271
1860770395412214085,1732477208,2024-11-24T13:40:08-0600,Sun 24 Nov 19:40:08 UTC 2024,@ThatShawGuy @paulg I always forget what that means üòÇ,53,31,444,"26,402",Twitter for iPhone,,https://twitter.com/elonmusk/status/1860770395412214085
1860770919188402543,1732477333,2024-11-24T13:42:13-0600,Sun 24 Nov 19:42:13 UTC 2024,"Wow, traditional TV viewership is falling off a cliff! Just a matter of time before it is irrelevant.","3,697","6,628","56,586","21,939,280",Twitter for iPhone,,https://twitter.com/elonmusk/status/1860770919188402543
1860771593682817438,1732477494,2024-11-24T13:44:54-0600,Sun 24 Nov 19:44:54 UTC 2024,What is happening in the UK!? üá¨üáß,"17,671","37,207","211,899","22,329,208",Twitter for iPhone,has birdwatch note,https://twitter.com/elonmusk/status/1860771593682817438
1860772241224741213,1732477648,2024-11-24T13:47:28-0600,Sun 24 Nov 19:47:28 UTC 2024,ùïè Numero Uno,"3,939","6,762","53,852","8,100,247",Twitter for iPhone,,https://twitter.com/elonmusk/status/1860772241224741213
1860772757694509559,1732477771,2024-11-24T13:49:31-0600,Sun 24 Nov 19:49:31 UTC 2024,@Ch_are_lee @Rothmus Yeah,56,40,532,"23,641",Twitter for iPhone,,https://twitter.com/elonmusk/status/1860772757694509559
1860773382670967067,1732477920,2024-11-24T13:52:00-0600,Sun 24 Nov 19:52:00 UTC 2024,"RT @Nate_Esparza: It‚Äôs @NFL Sunday! Football fans check out the new NFL portal! You can now get scores, highlights, stats and more witho‚Ä¶",0,543,0,15,Twitter for iPhone,,https://twitter.com/elonmusk/status/1860773382670967067
1860773914328306080,1732478047,2024-11-24T13:54:07-0600,Sun 24 Nov 19:54:07 UTC 2024,@ShksprnDngrMnky @noahroth @brianoflondon Easy,41,33,458,"41,834",Twitter for iPhone,,https://twitter.com/elonmusk/status/1860773914328306080
1860774188216356935,1732478112,2024-11-24T13:55:12-0600,Sun 24 Nov 19:55:12 UTC 2024,@yayavarkm @noahroth @brianoflondon Obviously,86,37,628,"46,185",Twitter for iPhone,,https://twitter.com/elonmusk/status/1860774188216356935
1860774314053943693,1732478142,2024-11-24T13:55:42-0600,Sun 24 Nov 19:55:42 UTC 2024,@VivekGRamaswamy üíØ,163,161,"2,936","228,150",Twitter for iPhone,,https://twitter.com/elonmusk/status/1860774314053943693
1860777756717683126,1732478963,2024-11-24T14:09:23-0600,Sun 24 Nov 20:09:23 UTC 2024,@ajtourville @SpaceX A truly reusable orbital-entry-class heat shield is the single biggest technology problem remaining,251,222,"3,617","173,726",Twitter for iPhone,,https://twitter.com/elonmusk/status/1860777756717683126
1860777817723777079,1732478977,2024-11-24T14:09:37-0600,Sun 24 Nov 20:09:37 UTC 2024,@JonKMD üòÇ,75,45,593,"32,022",Twitter for iPhone,,https://twitter.com/elonmusk/status/1860777817723777079
1860779341682204987,1732479341,2024-11-24T14:15:41-0600,Sun 24 Nov 20:15:41 UTC 2024,@erickuhn19 @cameron Rabies-level TDS üòÇ,78,59,747,"32,421",Twitter for iPhone,,https://twitter.com/elonmusk/status/1860779341682204987
1860781954121318728,1732479964,2024-11-24T14:26:04-0600,Sun 24 Nov 20:26:04 UTC 2024,@heliodown @RadioGenoa üî•üòÇ,67,38,795,"31,436",Twitter for iPhone,,https://twitter.com/elonmusk/status/1860781954121318728
1860782624769516025,1732480124,2024-11-24T14:28:44-0600,Sun 24 Nov 20:28:44 UTC 2024,@TiffanyFong_ Did you make this meme? It‚Äôs good.,254,81,"2,185","140,348",Twitter for iPhone,,https://twitter.com/elonmusk/status/1860782624769516025
